label,text
spam,Chúc mừng! Bạn đã trúng một chiếc laptop miễn phí. Nhận ngay tại đây!
spam,Nhân đôi thu nhập! Học cách kiếm 500 đô la dễ dàng. Click vào liên kết này.
ham,Did you review the assignment yet?
spam,Nhân đôi thu nhập! Học cách kiếm 200 đô la dễ dàng. Nhấn vào đây ngay!
spam,Ưu đãi có thời hạn! Nhận một thẻ quà tặng miễn phí! Truy cập trang web của chúng tôi.
ham,Let me know if you need help with the deployment.
ham,Vui lòng gửi cho tôi bài tập trước cuối tuần.
ham,Thanks for helping me with the assignment.
spam,Double your income! Learn how to make $200 easily. Visit our website.
spam,một chiếc iPhone mới MIỄN PHÍ đang chờ bạn. Gọi ngay!
ham,Đừng quên cuộc họp của chúng ta vào tối nay.
ham,Vui lòng gửi cho tôi bản thuyết trình trước thứ Hai.
ham,"Chào bạn, chúng ta vẫn gặp nhau vào cuối tuần này chứ?"
ham,Đừng quên bữa tối của chúng ta vào lát nữa.
spam,Ưu đãi có thời hạn! Nhận 500 đô la miễn phí! Đừng bỏ lỡ!
spam,Urgent! Your account needs verification. Click this link.
ham,"Chào bạn, chúng ta vẫn gặp nhau vào lúc 8 giờ sáng chứ?"
spam,TRÚNG 1000 đô la tiền mặt ngay! Nhận phần thưởng miễn phí của bạn hôm nay!
ham,Bạn đã xem lại ghi chú cuộc họp chưa?
ham,I will be available next Friday.
spam,Kiếm tiền nhanh chóng! Kiếm 500 đô la một tuần từ việc làm ở nhà.
ham,Bạn đã xem lại ghi chú cuộc họp chưa?
spam,Get 50% off on all products! Claim it here!
spam,Khẩn cấp! Tài khoản của bạn cần được xác minh. Hành động nhanh lên!
ham,Let's schedule a meeting for later today.
spam,Make money fast! Earn $50000 a week from home.
ham,Can you call me when you are free?
spam,FREE a free prize waiting for you. Claim it here!
ham,Can you call me when you get to the office?
ham,Bạn có thể gọi cho tôi khi bạn họp xong không?
ham,lịch hẹn sẽ bắt đầu lúc chiều nay.
spam,Double your income! Learn how to make $50000 easily. Click here now!
spam,TRÚNG một chiếc iPhone mới ngay! Nhận phần thưởng miễn phí của bạn hôm nay!
ham,Đừng quên lớp học của chúng ta vào vào thứ Hai.
spam,Nhân đôi thu nhập! Học cách kiếm 500 đô la dễ dàng. Gọi ngay!
spam,Kiếm tiền nhanh chóng! Kiếm 500 đô la một tuần từ việc làm ở nhà.
ham,buổi họp nhóm sẽ bắt đầu lúc ngày mai.
spam,Bạn đã được chọn cho một ưu đãi đặc biệt. Nhận ngay tại đây!
spam,Kiếm tiền nhanh chóng! Kiếm 500 đô la một tuần từ việc làm ở nhà.
spam,TRÚNG một chiếc ô tô mới tinh ngay! Nhận phần thưởng miễn phí của bạn hôm nay!
spam,Kiếm tiền nhanh chóng! Kiếm 1000 đô la một tuần từ việc làm ở nhà.
spam,Bạn đã được chọn cho một ưu đãi đặc biệt. Trả lời email này.
spam,Nhân đôi thu nhập! Học cách kiếm 200 đô la dễ dàng. Đừng bỏ lỡ!
spam,Khẩn cấp! Tài khoản của bạn cần được xác minh. Click vào liên kết này.
spam,một chiếc iPhone mới của bạn đã sẵn sàng để giao. Nhận ngay tại đây!
ham,Bạn đã xem lại hóa đơn chưa?
spam,Ưu đãi có thời hạn! Nhận một Bitcoin miễn phí! Nhận ngay tại đây!
ham,The meeting will begin at 2 PM.
spam,Kiếm tiền nhanh chóng! Kiếm 10000 đô la một tuần từ việc làm ở nhà.
spam,một kỳ nghỉ dưỡng sang trọng của bạn đã sẵn sàng để giao. Nhận ngay tại đây!
ham,Tôi sẽ đi nghỉ mát vào lúc 2 giờ chiều.
ham,I will be in a meeting at 8 AM.
spam,Kiếm tiền nhanh chóng! Kiếm 2500 đô la một tuần từ việc làm ở nhà.
ham,Vui lòng gửi cho tôi ghi chú cuộc họp trước thứ Năm.
spam,Chúc mừng! Bạn đã trúng một chiếc laptop miễn phí. Trả lời email này.
spam,TRÚNG một chiếc ô tô mới tinh ngay! Nhận phần thưởng miễn phí của bạn hôm nay!
ham,Thanks for helping me with the presentation.
ham,Hãy lên lịch cho một buổi họp nhóm vào vào thứ Hai.
ham,Bạn có thể gọi cho tôi khi bạn họp xong không?
ham,Don't forget our interview this weekend.
spam,Ưu đãi có thời hạn! Nhận một thẻ quà tặng miễn phí! Đừng bỏ lỡ!
ham,Did you review the assignment yet?
ham,Vui lòng gửi cho tôi đề xuất dự án trước thứ Ba.
spam,Bạn đã được chọn cho một ưu đãi đặc biệt. Hành động nhanh lên!
ham,Bạn có thể gọi cho tôi khi bạn ăn trưa xong không?
ham,Vui lòng gửi cho tôi bản nháp thiết kế trước thứ Sáu.
ham,"Chào bạn, chúng ta vẫn gặp nhau vào tối nay chứ?"
spam,FREE $2000 shopping voucher waiting for you. Click here now!
ham,Bạn đã xem lại báo cáo chưa?
ham,Vui lòng gửi cho tôi ghi chú cuộc họp trước thứ Hai.
ham,The appointment will begin this afternoon.
spam,Kiếm tiền nhanh chóng! Kiếm 2500 đô la một tuần từ việc làm ở nhà.
ham,Did you review the presentation yet?
spam,Nhân đôi thu nhập! Học cách kiếm 1000 đô la dễ dàng. Gọi ngay!
spam,Ưu đãi có thời hạn! Nhận một thẻ quà tặng miễn phí! Nhận ngay tại đây!
spam,Ưu đãi có thời hạn! Nhận phiếu mua hàng trị giá 2000 đô la miễn phí! Trả lời email này.
spam,FREE a free laptop waiting for you. Claim it here!
ham,Please send me the meeting notes before Tuesday.
spam,Bạn đã được chọn cho một ưu đãi đặc biệt. Hành động nhanh lên!
ham,Thanks for helping me with the deployment.
spam,Giảm giá 80% cho tất cả sản phẩm! Đừng bỏ lỡ!
spam,Kiếm tiền nhanh chóng! Kiếm 500 đô la một tuần từ việc làm ở nhà.
spam,Kiếm tiền nhanh chóng! Kiếm 1000 đô la một tuần từ việc làm ở nhà.
ham,Can you call me when you finish lunch?
ham,Vui lòng gửi cho tôi mã nguồn trước cuối tuần.
ham,Hãy lên lịch cho một cuộc họp vào tối nay.
ham,Bạn có thể gọi cho tôi khi bạn họp xong không?
spam,Urgent! Your account needs verification. Click here now!
ham,Hãy lên lịch cho một cuộc họp vào chiều nay.
spam,một chiếc ô tô mới tinh MIỄN PHÍ đang chờ bạn. Hành động nhanh lên!
ham,Let's schedule a group meeting for later today.
ham,Thanks for helping me with the presentation.
spam,Congratulations! You have won a new iPhone. Visit our website.
spam,Giảm giá 99% cho tất cả sản phẩm! Gọi ngay!
ham,Vui lòng gửi cho tôi báo cáo tài chính trước thứ Năm.
ham,Vui lòng gửi cho tôi hóa đơn trước thứ Hai.
spam,Khẩn cấp! Tài khoản của bạn cần được xác minh. Hành động nhanh lên!
spam,WIN a new iPhone now! Claim your free reward today!
ham,Bạn đã xem lại báo cáo chưa?
ham,Tôi sẽ đi nghỉ mát vào tuần sau.
ham,"Chào bạn, chúng ta vẫn gặp nhau vào cuối tuần này chứ?"
spam,Nhân đôi thu nhập! Học cách kiếm 2500 đô la dễ dàng. Trả lời email này.
ham,The group meeting will begin on Monday.
ham,"Chào bạn, chúng ta vẫn gặp nhau vào cuối tuần này chứ?"
ham,I will be working from home tonight.
ham,Bạn đã xem lại mã nguồn chưa?
spam,Bạn đã được chọn cho một ưu đãi đặc biệt. Nhấn vào đây ngay!
spam,một chiếc laptop miễn phí MIỄN PHÍ đang chờ bạn. Click vào liên kết này.
ham,Cảm ơn vì đã giúp tôi với bản báo cáo.
ham,Bạn đã xem lại ghi chú cuộc họp chưa?
ham,Vui lòng gửi cho tôi bản nháp thiết kế trước thứ Hai.
spam,Bạn đã được chọn cho một ưu đãi đặc biệt. Nhấn vào đây ngay!
spam,Kiếm tiền nhanh chóng! Kiếm 50000 đô la một tuần từ việc làm ở nhà.
spam,một thẻ quà tặng MIỄN PHÍ đang chờ bạn. Truy cập trang web của chúng tôi.
spam,Ưu đãi có thời hạn! Nhận 1000 đô la tiền mặt miễn phí! Hành động nhanh lên!
ham,Bạn đã xem lại mã nguồn chưa?
spam,Urgent! Your account needs verification. Click this link.
ham,"Chào bạn, chúng ta vẫn gặp nhau vào tuần sau chứ?"
ham,Cảm ơn vì đã giúp tôi với kiểm thử.
ham,Đừng quên cuộc gọi của chúng ta vào cuối tuần này.
ham,Vui lòng gửi cho tôi đề xuất dự án trước thứ Ba.
ham,Đừng quên cuộc họp của chúng ta vào tuần sau.
ham,Vui lòng gửi cho tôi mã nguồn trước thứ Ba.
ham,Cảm ơn vì đã giúp tôi với việc triển khai.
ham,Hãy cho tôi biết nếu bạn cần giúp đỡ với viết code.
ham,"Chào bạn, chúng ta vẫn gặp nhau vào thứ Sáu tới chứ?"
spam,You have been selected for a special offer. Claim it here!
ham,Can you call me when you finish the meeting?
ham,Please send me the code before Friday.
spam,TRÚNG 500 đô la ngay! Nhận phần thưởng miễn phí của bạn hôm nay!
ham,Don't forget our conference next Friday.
ham,"Hello, are we still meeting tonight?"
spam,Bạn đã được chọn cho một ưu đãi đặc biệt. Trả lời email này.
spam,Chúc mừng! Bạn đã trúng một chiếc ô tô mới tinh. Gọi ngay!
ham,Đừng quên hội nghị của chúng ta vào tối nay.
ham,Vui lòng gửi cho tôi mã nguồn trước cuối tuần.
spam,Kiếm tiền nhanh chóng! Kiếm 2500 đô la một tuần từ việc làm ở nhà.
spam,Your a Bitcoin is ready to be shipped. Click here now!
spam,TRÚNG một kỳ nghỉ dưỡng sang trọng ngay! Nhận phần thưởng miễn phí của bạn hôm nay!
ham,Can you call me when you are free?
spam,Urgent! Your account needs verification. Reply to this email.
spam,Bạn đã được chọn cho một ưu đãi đặc biệt. Đừng bỏ lỡ!
spam,Get 90% off on all products! Don't miss out!
ham,Hãy lên lịch cho một hội nghị vào tối nay.
ham,Bạn đã xem lại bài tập chưa?
spam,TRÚNG một Bitcoin ngay! Nhận phần thưởng miễn phí của bạn hôm nay!
ham,Hãy cho tôi biết nếu bạn cần giúp đỡ với kiểm thử.
ham,Cảm ơn vì đã giúp tôi với bản báo cáo.
spam,một thẻ quà tặng của bạn đã sẵn sàng để giao. Đừng bỏ lỡ!
ham,Hãy cho tôi biết nếu bạn cần giúp đỡ với việc triển khai.
spam,Khẩn cấp! Tài khoản của bạn cần được xác minh. Hành động nhanh lên!
spam,một thẻ quà tặng MIỄN PHÍ đang chờ bạn. Gọi ngay!
ham,Hãy cho tôi biết nếu bạn cần giúp đỡ với bài thuyết trình.
ham,Đừng quên buổi họp nhóm của chúng ta vào cuối tuần này.
ham,The call will begin later today.
ham,Tôi sẽ bận vào tối nay.
spam,You have been selected for a special offer. Claim it here!
spam,You have been selected for a special offer. Don't miss out!
spam,Bạn đã được chọn cho một ưu đãi đặc biệt. Truy cập trang web của chúng tôi.
spam,Bạn đã được chọn cho một ưu đãi đặc biệt. Trả lời email này.
ham,"Chào bạn, chúng ta vẫn gặp nhau vào tuần sau chứ?"
ham,Thanks for helping me with your project.
spam,FREE a luxury vacation waiting for you. Act fast!
spam,1000 đô la tiền mặt của bạn đã sẵn sàng để giao. Gọi ngay!
ham,Thanks for helping me with the presentation.
spam,Make money fast! Earn $500 a week from home.
spam,Kiếm tiền nhanh chóng! Kiếm 5000 đô la một tuần từ việc làm ở nhà.
ham,Let's schedule a appointment for at 2 PM.
ham,Tôi sẽ bận vào ngày mai.
spam,Limited time offer! Get $500 for free! Click here now!
spam,Get 30% off on all products! Click here now!
spam,Khẩn cấp! Tài khoản của bạn cần được xác minh. Gọi ngay!
spam,Nhân đôi thu nhập! Học cách kiếm 50000 đô la dễ dàng. Nhấn vào đây ngay!
spam,You have been selected for a special offer. Click this link.
spam,1000 đô la tiền mặt MIỄN PHÍ đang chờ bạn. Nhận ngay tại đây!
spam,Kiếm tiền nhanh chóng! Kiếm 50000 đô la một tuần từ việc làm ở nhà.
ham,"Hello, are we still meeting tomorrow?"
ham,cuộc gọi sẽ bắt đầu lúc lát nữa.
ham,Please send me the invoice before tomorrow.
ham,Please send me the design draft before Wednesday.
spam,Kiếm tiền nhanh chóng! Kiếm 50000 đô la một tuần từ việc làm ở nhà.
spam,một chiếc laptop miễn phí MIỄN PHÍ đang chờ bạn. Nhấn vào đây ngay!
ham,"Chào bạn, chúng ta vẫn gặp nhau vào lát nữa chứ?"
ham,Tôi sẽ bị ốm vào vào thứ Hai.
ham,Vui lòng gửi cho tôi bản nháp thiết kế trước ngày mai.
spam,Make money fast! Earn $50000 a week from home.
ham,Hãy cho tôi biết nếu bạn cần giúp đỡ với viết code.
ham,I will be in a meeting at 8 AM.
ham,Đừng quên cuộc gọi của chúng ta vào lúc 8 giờ sáng.
ham,Hãy cho tôi biết nếu bạn cần giúp đỡ với kiểm thử.
spam,Congratulations! You have won a free prize. Claim it here!
spam,Chúc mừng! Bạn đã trúng một Bitcoin. Nhấn vào đây ngay!
ham,Cảm ơn vì đã giúp tôi với bản báo cáo.
ham,Vui lòng gửi cho tôi ghi chú cuộc họp trước thứ Sáu.
ham,Can you call me when you arrive home?
spam,TRÚNG 500 đô la ngay! Nhận phần thưởng miễn phí của bạn hôm nay!
spam,You have been selected for a special offer. Click this link.
spam,một kỳ nghỉ dưỡng sang trọng của bạn đã sẵn sàng để giao. Hành động nhanh lên!
ham,Đừng quên hội nghị của chúng ta vào tuần sau.
spam,Get 50% off on all products! Click this link.
ham,Hãy lên lịch cho một bữa tối vào tuần sau.
spam,Double your income! Learn how to make $2500 easily. Claim it here!
spam,TRÚNG 1000 đô la tiền mặt ngay! Nhận phần thưởng miễn phí của bạn hôm nay!
spam,Double your income! Learn how to make $5000 easily. Reply to this email.
ham,buổi phỏng vấn sẽ bắt đầu lúc chiều nay.
spam,Giảm giá 80% cho tất cả sản phẩm! Trả lời email này.
ham,Vui lòng gửi cho tôi bản thuyết trình trước thứ Ba.
spam,Your $2000 shopping voucher is ready to be shipped. Visit our website.
ham,The dinner will begin at 8 AM.
ham,Tôi sẽ bị ốm vào chiều nay.
ham,Đừng quên buổi phỏng vấn của chúng ta vào tối nay.
ham,Let's schedule a lunch for on Monday.
ham,Hãy lên lịch cho một buổi họp nhóm vào ngày mai.
spam,Bạn đã được chọn cho một ưu đãi đặc biệt. Trả lời email này.
spam,Kiếm tiền nhanh chóng! Kiếm 500 đô la một tuần từ việc làm ở nhà.
spam,Chúc mừng! Bạn đã trúng 500 đô la. Gọi ngay!
spam,Bạn đã được chọn cho một ưu đãi đặc biệt. Trả lời email này.
spam,FREE $1000 cash waiting for you. Visit our website.
spam,Nhân đôi thu nhập! Học cách kiếm 1000 đô la dễ dàng. Đừng bỏ lỡ!
spam,Ưu đãi có thời hạn! Nhận một chiếc laptop miễn phí miễn phí! Truy cập trang web của chúng tôi.
ham,Hãy lên lịch cho một cuộc gọi vào lát nữa.
ham,Cảm ơn vì đã giúp tôi với viết code.
ham,Can you call me when you are free?
spam,Ưu đãi có thời hạn! Nhận 500 đô la miễn phí! Đừng bỏ lỡ!
ham,Hãy lên lịch cho một cuộc họp vào chiều nay.
ham,Cảm ơn vì đã giúp tôi với dự án của bạn.
spam,Get 80% off on all products! Act fast!
spam,Nhân đôi thu nhập! Học cách kiếm 200 đô la dễ dàng. Nhấn vào đây ngay!
ham,Bạn đã xem lại ghi chú cuộc họp chưa?
ham,Can you call me when you arrive home?
spam,Khẩn cấp! Tài khoản của bạn cần được xác minh. Truy cập trang web của chúng tôi.
spam,Khẩn cấp! Tài khoản của bạn cần được xác minh. Nhận ngay tại đây!
ham,"Hello, are we still meeting at 8 AM?"
ham,Cảm ơn vì đã giúp tôi với viết code.
spam,TRÚNG phiếu mua hàng trị giá 2000 đô la ngay! Nhận phần thưởng miễn phí của bạn hôm nay!
ham,Bạn đã xem lại ghi chú cuộc họp chưa?
spam,một thẻ quà tặng của bạn đã sẵn sàng để giao. Truy cập trang web của chúng tôi.
spam,Kiếm tiền nhanh chóng! Kiếm 5000 đô la một tuần từ việc làm ở nhà.
ham,Bạn có thể gọi cho tôi khi bạn đến văn phòng không?
spam,Nhân đôi thu nhập! Học cách kiếm 10000 đô la dễ dàng. Click vào liên kết này.
spam,Bạn đã được chọn cho một ưu đãi đặc biệt. Click vào liên kết này.
spam,Ưu đãi có thời hạn! Nhận phiếu mua hàng trị giá 2000 đô la miễn phí! Truy cập trang web của chúng tôi.
spam,Kiếm tiền nhanh chóng! Kiếm 50000 đô la một tuần từ việc làm ở nhà.
ham,Cảm ơn vì đã giúp tôi với viết code.
spam,Khẩn cấp! Tài khoản của bạn cần được xác minh. Đừng bỏ lỡ!
ham,The interview will begin next week.
spam,Bạn đã được chọn cho một ưu đãi đặc biệt. Nhấn vào đây ngay!
ham,"Chào bạn, chúng ta vẫn gặp nhau vào lúc 2 giờ chiều chứ?"
spam,Chúc mừng! Bạn đã trúng 500 đô la. Đừng bỏ lỡ!
spam,Congratulations! You have won a gift card. Reply to this email.
spam,Kiếm tiền nhanh chóng! Kiếm 50000 đô la một tuần từ việc làm ở nhà.
spam,Giảm giá 20% cho tất cả sản phẩm! Trả lời email này.
ham,Can you call me when you are free?
spam,TRÚNG một phần thưởng miễn phí ngay! Nhận phần thưởng miễn phí của bạn hôm nay!
ham,lịch hẹn sẽ bắt đầu lúc lúc 2 giờ chiều.
spam,Get 80% off on all products! Click here now!
spam,Urgent! Your account needs verification. Visit our website.
spam,Nhân đôi thu nhập! Học cách kiếm 5000 đô la dễ dàng. Truy cập trang web của chúng tôi.
spam,Kiếm tiền nhanh chóng! Kiếm 500 đô la một tuần từ việc làm ở nhà.
spam,Limited time offer! Get a luxury vacation for free! Click here now!
ham,Đừng quên buổi họp nhóm của chúng ta vào thứ Sáu tới.
ham,Bạn có thể gọi cho tôi khi bạn họp xong không?
spam,Get 30% off on all products! Act fast!
ham,Hãy cho tôi biết nếu bạn cần giúp đỡ với bản báo cáo.
ham,Can you call me when you wake up?
spam,Double your income! Learn how to make $5000 easily. Click here now!
spam,Double your income! Learn how to make $2500 easily. Reply to this email.
ham,Hãy lên lịch cho một buổi phỏng vấn vào lát nữa.
spam,Make money fast! Earn $1000 a week from home.
spam,Ưu đãi có thời hạn! Nhận 1000 đô la tiền mặt miễn phí! Nhận ngay tại đây!
spam,Nhân đôi thu nhập! Học cách kiếm 5000 đô la dễ dàng. Gọi ngay!
ham,Did you review the assignment yet?
ham,bữa trưa sẽ bắt đầu lúc tối nay.
ham,The dinner will begin at 8 AM.
spam,Ưu đãi có thời hạn! Nhận một thẻ quà tặng miễn phí! Nhận ngay tại đây!
spam,Kiếm tiền nhanh chóng! Kiếm 5000 đô la một tuần từ việc làm ở nhà.
ham,Vui lòng gửi cho tôi mã nguồn trước cuối tuần.
spam,Kiếm tiền nhanh chóng! Kiếm 200 đô la một tuần từ việc làm ở nhà.
ham,Vui lòng gửi cho tôi bản thuyết trình trước thứ Ba.
spam,1000 đô la tiền mặt MIỄN PHÍ đang chờ bạn. Hành động nhanh lên!
spam,Kiếm tiền nhanh chóng! Kiếm 10000 đô la một tuần từ việc làm ở nhà.
spam,một Bitcoin MIỄN PHÍ đang chờ bạn. Trả lời email này.
ham,Cảm ơn vì đã giúp tôi với bản báo cáo.
spam,Bạn đã được chọn cho một ưu đãi đặc biệt. Đừng bỏ lỡ!
ham,Bạn có thể gọi cho tôi khi bạn có thời gian không?
ham,"Chào bạn, chúng ta vẫn gặp nhau vào thứ Sáu tới chứ?"
ham,cuộc họp sẽ bắt đầu lúc tối nay.
spam,Giảm giá 50% cho tất cả sản phẩm! Trả lời email này.
ham,Hãy cho tôi biết nếu bạn cần giúp đỡ với viết code.
spam,Limited time offer! Get a new iPhone for free! Don't miss out!
spam,Khẩn cấp! Tài khoản của bạn cần được xác minh. Gọi ngay!
spam,Limited time offer! Get $1000 cash for free! Reply to this email.
ham,Hãy lên lịch cho một lớp học vào lát nữa.
spam,Nhân đôi thu nhập! Học cách kiếm 5000 đô la dễ dàng. Đừng bỏ lỡ!
spam,TRÚNG 1000 đô la tiền mặt ngay! Nhận phần thưởng miễn phí của bạn hôm nay!
ham,Hãy lên lịch cho một lịch hẹn vào ngày mai.
ham,Bạn đã xem lại hóa đơn chưa?
ham,"Chào bạn, chúng ta vẫn gặp nhau vào cuối tuần này chứ?"
spam,Khẩn cấp! Tài khoản của bạn cần được xác minh. Nhận ngay tại đây!
spam,Giảm giá 80% cho tất cả sản phẩm! Truy cập trang web của chúng tôi.
spam,Make money fast! Earn $10000 a week from home.
ham,I will be in a meeting next Friday.
spam,Your a luxury vacation is ready to be shipped. Visit our website.
spam,Bạn đã được chọn cho một ưu đãi đặc biệt. Nhấn vào đây ngay!
ham,Vui lòng gửi cho tôi mã nguồn trước cuối tuần.
ham,Let's schedule a conference for this weekend.
spam,một chiếc iPhone mới MIỄN PHÍ đang chờ bạn. Nhấn vào đây ngay!
spam,Limited time offer! Get a Bitcoin for free! Claim it here!
ham,"Chào bạn, chúng ta vẫn gặp nhau vào ngày mai chứ?"
ham,Did you review the financial statement yet?
ham,Đừng quên cuộc họp của chúng ta vào tuần sau.
spam,FREE a gift card waiting for you. Call now!
spam,Double your income! Learn how to make $200 easily. Click this link.
ham,Hãy cho tôi biết nếu bạn cần giúp đỡ với ngân sách.
spam,Ưu đãi có thời hạn! Nhận một phần thưởng miễn phí miễn phí! Trả lời email này.
ham,"Chào bạn, chúng ta vẫn gặp nhau vào ngày mai chứ?"
spam,TRÚNG một chiếc ô tô mới tinh ngay! Nhận phần thưởng miễn phí của bạn hôm nay!
ham,Bạn đã xem lại bài tập chưa?
spam,một chiếc iPhone mới của bạn đã sẵn sàng để giao. Trả lời email này.
ham,"Chào bạn, chúng ta vẫn gặp nhau vào thứ Sáu tới chứ?"
spam,Nhân đôi thu nhập! Học cách kiếm 5000 đô la dễ dàng. Nhấn vào đây ngay!
ham,Hãy lên lịch cho một bữa tối vào lúc 8 giờ sáng.
spam,Bạn đã được chọn cho một ưu đãi đặc biệt. Hành động nhanh lên!
ham,Vui lòng gửi cho tôi bản thuyết trình trước cuối tuần.
spam,You have been selected for a special offer. Call now!
spam,Ưu đãi có thời hạn! Nhận một Bitcoin miễn phí! Truy cập trang web của chúng tôi.
ham,Thanks for helping me with the report.
spam,You have been selected for a special offer. Visit our website.
ham,Hãy lên lịch cho một lịch hẹn vào thứ Sáu tới.
ham,The dinner will begin at 8 AM.
spam,Bạn đã được chọn cho một ưu đãi đặc biệt. Đừng bỏ lỡ!
ham,Bạn đã xem lại bài tập chưa?
ham,Vui lòng gửi cho tôi đề xuất dự án trước thứ Sáu.
spam,Chúc mừng! Bạn đã trúng một chiếc ô tô mới tinh. Đừng bỏ lỡ!
spam,TRÚNG một chiếc laptop miễn phí ngay! Nhận phần thưởng miễn phí của bạn hôm nay!
ham,Cảm ơn vì đã giúp tôi với việc triển khai.
ham,Vui lòng gửi cho tôi đề xuất dự án trước ngày mai.
spam,Bạn đã được chọn cho một ưu đãi đặc biệt. Gọi ngay!
spam,FREE a new iPhone waiting for you. Reply to this email.
spam,Ưu đãi có thời hạn! Nhận phiếu mua hàng trị giá 2000 đô la miễn phí! Trả lời email này.
ham,I will be sick this weekend.
ham,Hãy lên lịch cho một bữa trưa vào lúc 2 giờ chiều.
spam,một chiếc iPhone mới của bạn đã sẵn sàng để giao. Truy cập trang web của chúng tôi.
spam,Congratulations! You have won a brand new car. Don't miss out!
spam,Kiếm tiền nhanh chóng! Kiếm 2500 đô la một tuần từ việc làm ở nhà.
ham,Bạn đã xem lại bản thuyết trình chưa?
spam,Bạn đã được chọn cho một ưu đãi đặc biệt. Trả lời email này.
ham,Cảm ơn vì đã giúp tôi với ngân sách.
ham,Bạn đã xem lại ghi chú cuộc họp chưa?
spam,Congratulations! You have won a brand new car. Visit our website.
spam,Nhân đôi thu nhập! Học cách kiếm 500 đô la dễ dàng. Nhấn vào đây ngay!
ham,"Chào bạn, chúng ta vẫn gặp nhau vào lúc 8 giờ sáng chứ?"
spam,Double your income! Learn how to make $200 easily. Don't miss out!
spam,Kiếm tiền nhanh chóng! Kiếm 200 đô la một tuần từ việc làm ở nhà.
ham,"Hello, are we still meeting on Monday?"
ham,lớp học sẽ bắt đầu lúc tuần sau.
spam,Your $2000 shopping voucher is ready to be shipped. Click this link.
ham,Tôi sẽ bị ốm vào vào thứ Hai.
ham,I will be out of office later today.
spam,Nhân đôi thu nhập! Học cách kiếm 1000 đô la dễ dàng. Gọi ngay!
ham,"Chào bạn, chúng ta vẫn gặp nhau vào cuối tuần này chứ?"
ham,The lunch will begin at 8 AM.
spam,Kiếm tiền nhanh chóng! Kiếm 500 đô la một tuần từ việc làm ở nhà.
spam,Kiếm tiền nhanh chóng! Kiếm 200 đô la một tuần từ việc làm ở nhà.
spam,Khẩn cấp! Tài khoản của bạn cần được xác minh. Nhận ngay tại đây!
ham,Vui lòng gửi cho tôi báo cáo trước thứ Năm.
ham,"Chào bạn, chúng ta vẫn gặp nhau vào lúc 2 giờ chiều chứ?"
ham,Vui lòng gửi cho tôi đề xuất dự án trước thứ Hai.
ham,buổi họp nhóm sẽ bắt đầu lúc chiều nay.
ham,Bạn có thể gọi cho tôi khi bạn thức dậy không?
ham,Cảm ơn vì đã giúp tôi với dự án của bạn.
ham,Hãy lên lịch cho một buổi phỏng vấn vào ngày mai.
spam,Bạn đã được chọn cho một ưu đãi đặc biệt. Click vào liên kết này.
spam,1000 đô la tiền mặt MIỄN PHÍ đang chờ bạn. Hành động nhanh lên!
ham,lịch hẹn sẽ bắt đầu lúc vào thứ Hai.
spam,Khẩn cấp! Tài khoản của bạn cần được xác minh. Gọi ngay!
ham,Hãy cho tôi biết nếu bạn cần giúp đỡ với viết code.
spam,một chiếc ô tô mới tinh của bạn đã sẵn sàng để giao. Trả lời email này.
ham,Hãy cho tôi biết nếu bạn cần giúp đỡ với bài tập.
spam,Ưu đãi có thời hạn! Nhận một thẻ quà tặng miễn phí! Hành động nhanh lên!
ham,Đừng quên bữa trưa của chúng ta vào lúc 8 giờ sáng.
spam,Your a luxury vacation is ready to be shipped. Click this link.
spam,Your a free laptop is ready to be shipped. Call now!
spam,Giảm giá 30% cho tất cả sản phẩm! Gọi ngay!
ham,Thanks for helping me with the assignment.
ham,Tôi sẽ vắng mặt vào lúc 8 giờ sáng.
ham,Bạn đã xem lại bản thuyết trình chưa?
ham,Did you review the code yet?
ham,Let me know if you need help with testing.
ham,Bạn có thể gọi cho tôi khi bạn có thời gian không?
ham,Đừng quên hội nghị của chúng ta vào vào thứ Hai.
ham,Hãy cho tôi biết nếu bạn cần giúp đỡ với ngân sách.
ham,Let's schedule a conference for next week.
spam,một chiếc iPhone mới MIỄN PHÍ đang chờ bạn. Trả lời email này.
spam,Kiếm tiền nhanh chóng! Kiếm 2500 đô la một tuần từ việc làm ở nhà.
ham,Hãy cho tôi biết nếu bạn cần giúp đỡ với bài tập.
ham,Can you call me when you finish the meeting?
spam,1000 đô la tiền mặt MIỄN PHÍ đang chờ bạn. Click vào liên kết này.
ham,Hãy lên lịch cho một cuộc gọi vào cuối tuần này.
spam,Urgent! Your account needs verification. Claim it here!
ham,Vui lòng gửi cho tôi bài tập trước thứ Tư.
ham,Bạn đã xem lại hóa đơn chưa?
ham,"Chào bạn, chúng ta vẫn gặp nhau vào tuần sau chứ?"
spam,Khẩn cấp! Tài khoản của bạn cần được xác minh. Hành động nhanh lên!
ham,Cảm ơn vì đã giúp tôi với bài thuyết trình.
spam,Ưu đãi có thời hạn! Nhận phiếu mua hàng trị giá 2000 đô la miễn phí! Đừng bỏ lỡ!
spam,WIN a free prize now! Claim your free reward today!
ham,"Chào bạn, chúng ta vẫn gặp nhau vào ngày mai chứ?"
ham,Bạn đã xem lại bài tập chưa?
ham,Hãy lên lịch cho một bữa tối vào ngày mai.
spam,WIN a luxury vacation now! Claim your free reward today!
spam,Congratulations! You have won a free laptop. Call now!
spam,Khẩn cấp! Tài khoản của bạn cần được xác minh. Click vào liên kết này.
ham,Can you call me when you finish the meeting?
spam,Khẩn cấp! Tài khoản của bạn cần được xác minh. Gọi ngay!
spam,500 đô la MIỄN PHÍ đang chờ bạn. Click vào liên kết này.
spam,Congratulations! You have won a free laptop. Don't miss out!
ham,"Chào bạn, chúng ta vẫn gặp nhau vào lúc 8 giờ sáng chứ?"
spam,Nhân đôi thu nhập! Học cách kiếm 500 đô la dễ dàng. Gọi ngay!
ham,Hãy lên lịch cho một bữa trưa vào ngày mai.
ham,Hãy cho tôi biết nếu bạn cần giúp đỡ với việc triển khai.
ham,Hãy lên lịch cho một lớp học vào ngày mai.
spam,Limited time offer! Get $2000 shopping voucher for free! Don't miss out!
spam,You have been selected for a special offer. Click here now!
spam,TRÚNG một thẻ quà tặng ngay! Nhận phần thưởng miễn phí của bạn hôm nay!
spam,WIN a luxury vacation now! Claim your free reward today!
spam,Double your income! Learn how to make $10000 easily. Claim it here!
ham,Bạn đã xem lại mã nguồn chưa?
spam,Double your income! Learn how to make $10000 easily. Act fast!
ham,Bạn đã xem lại bản thuyết trình chưa?
spam,Congratulations! You have won a new iPhone. Click this link.
spam,Nhân đôi thu nhập! Học cách kiếm 1000 đô la dễ dàng. Đừng bỏ lỡ!
ham,lớp học sẽ bắt đầu lúc lúc 8 giờ sáng.
ham,"Chào bạn, chúng ta vẫn gặp nhau vào cuối tuần này chứ?"
ham,Vui lòng gửi cho tôi mã nguồn trước thứ Tư.
spam,Ưu đãi có thời hạn! Nhận một chiếc iPhone mới miễn phí! Nhận ngay tại đây!
spam,Limited time offer! Get a gift card for free! Don't miss out!
ham,Hãy cho tôi biết nếu bạn cần giúp đỡ với viết code.
ham,Bạn có thể gọi cho tôi khi bạn có thời gian không?
spam,Bạn đã được chọn cho một ưu đãi đặc biệt. Trả lời email này.
ham,I will be in a meeting later today.
spam,Make money fast! Earn $2500 a week from home.
spam,500 đô la của bạn đã sẵn sàng để giao. Trả lời email này.
ham,Please send me the design draft before the end of the week.
ham,Did you review the financial statement yet?
ham,Đừng quên bữa trưa của chúng ta vào lúc 8 giờ sáng.
ham,Bạn đã xem lại bản nháp thiết kế chưa?
spam,Limited time offer! Get a free prize for free! Act fast!
ham,Hãy cho tôi biết nếu bạn cần giúp đỡ với bài thuyết trình.
ham,Vui lòng gửi cho tôi đề xuất dự án trước thứ Hai.
spam,500 đô la của bạn đã sẵn sàng để giao. Đừng bỏ lỡ!
ham,Hãy cho tôi biết nếu bạn cần giúp đỡ với bài thuyết trình.
spam,một kỳ nghỉ dưỡng sang trọng MIỄN PHÍ đang chờ bạn. Nhấn vào đây ngay!
spam,1000 đô la tiền mặt MIỄN PHÍ đang chờ bạn. Gọi ngay!
spam,một chiếc iPhone mới MIỄN PHÍ đang chờ bạn. Gọi ngay!
spam,Your a luxury vacation is ready to be shipped. Visit our website.
ham,"Chào bạn, chúng ta vẫn gặp nhau vào lúc 2 giờ chiều chứ?"
ham,buổi phỏng vấn sẽ bắt đầu lúc chiều nay.
ham,Cảm ơn vì đã giúp tôi với ngân sách.
ham,Did you review the design draft yet?
ham,The group meeting will begin this weekend.
spam,Double your income! Learn how to make $1000 easily. Click this link.
ham,Let me know if you need help with the presentation.
ham,Tôi sẽ vắng mặt vào ngày mai.
spam,TRÚNG 500 đô la ngay! Nhận phần thưởng miễn phí của bạn hôm nay!
ham,Vui lòng gửi cho tôi hóa đơn trước cuối tuần.
ham,Vui lòng gửi cho tôi bản nháp thiết kế trước thứ Sáu.
spam,Nhân đôi thu nhập! Học cách kiếm 10000 đô la dễ dàng. Click vào liên kết này.
ham,lớp học sẽ bắt đầu lúc thứ Sáu tới.
spam,Nhân đôi thu nhập! Học cách kiếm 200 đô la dễ dàng. Nhận ngay tại đây!
spam,Nhân đôi thu nhập! Học cách kiếm 5000 đô la dễ dàng. Trả lời email này.
ham,Bạn đã xem lại đề xuất dự án chưa?
spam,WIN a Bitcoin now! Claim your free reward today!
spam,You have been selected for a special offer. Visit our website.
spam,500 đô la của bạn đã sẵn sàng để giao. Đừng bỏ lỡ!
ham,Don't forget our call this afternoon.
spam,TRÚNG một kỳ nghỉ dưỡng sang trọng ngay! Nhận phần thưởng miễn phí của bạn hôm nay!
ham,Bạn đã xem lại báo cáo chưa?
spam,Bạn đã được chọn cho một ưu đãi đặc biệt. Đừng bỏ lỡ!
spam,Limited time offer! Get a new iPhone for free! Reply to this email.
spam,Limited time offer! Get a Bitcoin for free! Call now!
ham,buổi họp nhóm sẽ bắt đầu lúc lúc 8 giờ sáng.
spam,Ưu đãi có thời hạn! Nhận phiếu mua hàng trị giá 2000 đô la miễn phí! Nhấn vào đây ngay!
ham,lớp học sẽ bắt đầu lúc thứ Sáu tới.
spam,Chúc mừng! Bạn đã trúng 1000 đô la tiền mặt. Đừng bỏ lỡ!
spam,Khẩn cấp! Tài khoản của bạn cần được xác minh. Trả lời email này.
spam,Ưu đãi có thời hạn! Nhận một Bitcoin miễn phí! Trả lời email này.
spam,Bạn đã được chọn cho một ưu đãi đặc biệt. Click vào liên kết này.
ham,"Chào bạn, chúng ta vẫn gặp nhau vào ngày mai chứ?"
spam,Chúc mừng! Bạn đã trúng 1000 đô la tiền mặt. Nhận ngay tại đây!
ham,Hãy lên lịch cho một hội nghị vào lúc 8 giờ sáng.
ham,Bạn có thể gọi cho tôi khi bạn có thời gian không?
ham,Vui lòng gửi cho tôi báo cáo trước thứ Ba.
ham,Let's schedule a dinner for tomorrow.
ham,Let me know if you need help with coding.
ham,Let me know if you need help with testing.
spam,Giảm giá 75% cho tất cả sản phẩm! Nhấn vào đây ngay!
ham,Tôi sẽ làm việc ở nhà vào cuối tuần này.
ham,bữa trưa sẽ bắt đầu lúc lúc 2 giờ chiều.
ham,hội nghị sẽ bắt đầu lúc tối nay.
spam,Bạn đã được chọn cho một ưu đãi đặc biệt. Nhấn vào đây ngay!
ham,The dinner will begin next week.
ham,Let's schedule a dinner for on Monday.
spam,FREE a free prize waiting for you. Act fast!
spam,Ưu đãi có thời hạn! Nhận một thẻ quà tặng miễn phí! Nhận ngay tại đây!
ham,Hãy lên lịch cho một buổi phỏng vấn vào lát nữa.
spam,Ưu đãi có thời hạn! Nhận 500 đô la miễn phí! Trả lời email này.
spam,Kiếm tiền nhanh chóng! Kiếm 10000 đô la một tuần từ việc làm ở nhà.
ham,Bạn đã xem lại bản nháp thiết kế chưa?
ham,Bạn có thể gọi cho tôi khi bạn rảnh rỗi không?
spam,Your a gift card is ready to be shipped. Claim it here!
ham,Đừng quên cuộc gọi của chúng ta vào ngày mai.
spam,WIN a gift card now! Claim your free reward today!
spam,Giảm giá 20% cho tất cả sản phẩm! Trả lời email này.
spam,Giảm giá 50% cho tất cả sản phẩm! Truy cập trang web của chúng tôi.
ham,lịch hẹn sẽ bắt đầu lúc tuần sau.
ham,Bạn có thể gọi cho tôi khi bạn họp xong không?
spam,Chúc mừng! Bạn đã trúng một phần thưởng miễn phí. Nhận ngay tại đây!
ham,"Chào bạn, chúng ta vẫn gặp nhau vào lúc 8 giờ sáng chứ?"
spam,FREE a free prize waiting for you. Click this link.
spam,Nhân đôi thu nhập! Học cách kiếm 10000 đô la dễ dàng. Click vào liên kết này.
ham,Cảm ơn vì đã giúp tôi với bài thuyết trình.
spam,TRÚNG một phần thưởng miễn phí ngay! Nhận phần thưởng miễn phí của bạn hôm nay!
spam,một Bitcoin của bạn đã sẵn sàng để giao. Đừng bỏ lỡ!
spam,Limited time offer! Get a free laptop for free! Visit our website.
spam,Kiếm tiền nhanh chóng! Kiếm 500 đô la một tuần từ việc làm ở nhà.
ham,Cảm ơn vì đã giúp tôi với viết code.
spam,TRÚNG một phần thưởng miễn phí ngay! Nhận phần thưởng miễn phí của bạn hôm nay!
ham,Please send me the design draft before Wednesday.
ham,bữa tối sẽ bắt đầu lúc ngày mai.
ham,Hãy cho tôi biết nếu bạn cần giúp đỡ với kiểm thử.
ham,Let's schedule a lunch for tomorrow.
spam,Bạn đã được chọn cho một ưu đãi đặc biệt. Trả lời email này.
ham,Đừng quên lịch hẹn của chúng ta vào tối nay.
ham,bữa tối sẽ bắt đầu lúc thứ Sáu tới.
spam,TRÚNG phiếu mua hàng trị giá 2000 đô la ngay! Nhận phần thưởng miễn phí của bạn hôm nay!
spam,Chúc mừng! Bạn đã trúng một chiếc laptop miễn phí. Trả lời email này.
ham,Let's schedule a meeting for next Friday.
spam,You have been selected for a special offer. Claim it here!
ham,"Chào bạn, chúng ta vẫn gặp nhau vào vào thứ Hai chứ?"
ham,I will be in a meeting next week.
spam,TRÚNG 500 đô la ngay! Nhận phần thưởng miễn phí của bạn hôm nay!
spam,Giảm giá 50% cho tất cả sản phẩm! Nhấn vào đây ngay!
ham,Vui lòng gửi cho tôi hóa đơn trước thứ Tư.
ham,Tôi sẽ vắng mặt vào tuần sau.
ham,Vui lòng gửi cho tôi đề xuất dự án trước thứ Tư.
ham,Let me know if you need help with the report.
spam,một Bitcoin của bạn đã sẵn sàng để giao. Nhấn vào đây ngay!
ham,Cảm ơn vì đã giúp tôi với bản báo cáo.
ham,Vui lòng gửi cho tôi ghi chú cuộc họp trước cuối tuần.
ham,Let's schedule a conference for on Monday.
spam,Giảm giá 75% cho tất cả sản phẩm! Hành động nhanh lên!
ham,Tôi sẽ vắng mặt vào lát nữa.
spam,Kiếm tiền nhanh chóng! Kiếm 50000 đô la một tuần từ việc làm ở nhà.
ham,Bạn đã xem lại mã nguồn chưa?
spam,một thẻ quà tặng MIỄN PHÍ đang chờ bạn. Hành động nhanh lên!
spam,một chiếc iPhone mới của bạn đã sẵn sàng để giao. Click vào liên kết này.
spam,You have been selected for a special offer. Click this link.
spam,Kiếm tiền nhanh chóng! Kiếm 2500 đô la một tuần từ việc làm ở nhà.
spam,Bạn đã được chọn cho một ưu đãi đặc biệt. Trả lời email này.
spam,Bạn đã được chọn cho một ưu đãi đặc biệt. Click vào liên kết này.
spam,một chiếc laptop miễn phí MIỄN PHÍ đang chờ bạn. Trả lời email này.
ham,Hãy cho tôi biết nếu bạn cần giúp đỡ với bản báo cáo.
spam,Limited time offer! Get a Bitcoin for free! Call now!
spam,Bạn đã được chọn cho một ưu đãi đặc biệt. Gọi ngay!
spam,Bạn đã được chọn cho một ưu đãi đặc biệt. Trả lời email này.
ham,Can you call me when you wake up?
ham,Tôi sẽ rảnh vào tuần sau.
spam,Kiếm tiền nhanh chóng! Kiếm 1000 đô la một tuần từ việc làm ở nhà.
spam,Khẩn cấp! Tài khoản của bạn cần được xác minh. Truy cập trang web của chúng tôi.
ham,Tôi sẽ vắng mặt vào vào thứ Hai.
spam,Make money fast! Earn $1000 a week from home.
ham,lịch hẹn sẽ bắt đầu lúc lát nữa.
ham,Cảm ơn vì đã giúp tôi với viết code.
ham,Cảm ơn vì đã giúp tôi với viết code.
spam,WIN $1000 cash now! Claim your free reward today!
ham,Hãy cho tôi biết nếu bạn cần giúp đỡ với viết code.
spam,phiếu mua hàng trị giá 2000 đô la MIỄN PHÍ đang chờ bạn. Nhấn vào đây ngay!
ham,"Chào bạn, chúng ta vẫn gặp nhau vào vào thứ Hai chứ?"
ham,I will be out of office on Monday.
spam,Chúc mừng! Bạn đã trúng một thẻ quà tặng. Hành động nhanh lên!
spam,FREE a free prize waiting for you. Call now!
spam,Chúc mừng! Bạn đã trúng một Bitcoin. Truy cập trang web của chúng tôi.
spam,TRÚNG một phần thưởng miễn phí ngay! Nhận phần thưởng miễn phí của bạn hôm nay!
ham,Don't forget our lunch tonight.
ham,Let me know if you need help with the report.
ham,Thanks for helping me with the assignment.
ham,Hãy lên lịch cho một cuộc họp vào lát nữa.
spam,Get 50% off on all products! Don't miss out!
spam,một thẻ quà tặng của bạn đã sẵn sàng để giao. Gọi ngay!
spam,FREE a luxury vacation waiting for you. Don't miss out!
ham,Bạn đã xem lại báo cáo chưa?
spam,Nhân đôi thu nhập! Học cách kiếm 2500 đô la dễ dàng. Nhận ngay tại đây!
ham,buổi phỏng vấn sẽ bắt đầu lúc cuối tuần này.
ham,Bạn đã xem lại báo cáo chưa?
spam,Get 90% off on all products! Reply to this email.
spam,Get 99% off on all products! Claim it here!
ham,The dinner will begin this afternoon.
spam,Giảm giá 50% cho tất cả sản phẩm! Hành động nhanh lên!
spam,TRÚNG 1000 đô la tiền mặt ngay! Nhận phần thưởng miễn phí của bạn hôm nay!
spam,Khẩn cấp! Tài khoản của bạn cần được xác minh. Nhấn vào đây ngay!
spam,500 đô la MIỄN PHÍ đang chờ bạn. Gọi ngay!
spam,WIN a brand new car now! Claim your free reward today!
spam,một Bitcoin của bạn đã sẵn sàng để giao. Hành động nhanh lên!
spam,Chúc mừng! Bạn đã trúng một chiếc iPhone mới. Click vào liên kết này.
ham,"Hello, are we still meeting this afternoon?"
ham,Don't forget our group meeting later today.
spam,Kiếm tiền nhanh chóng! Kiếm 10000 đô la một tuần từ việc làm ở nhà.
spam,Giảm giá 20% cho tất cả sản phẩm! Hành động nhanh lên!
ham,Bạn có thể gọi cho tôi khi bạn rảnh rỗi không?
spam,phiếu mua hàng trị giá 2000 đô la MIỄN PHÍ đang chờ bạn. Trả lời email này.
spam,TRÚNG một phần thưởng miễn phí ngay! Nhận phần thưởng miễn phí của bạn hôm nay!
ham,Bạn đã xem lại ghi chú cuộc họp chưa?
spam,You have been selected for a special offer. Click here now!
spam,Chúc mừng! Bạn đã trúng một chiếc laptop miễn phí. Nhận ngay tại đây!
spam,Nhân đôi thu nhập! Học cách kiếm 200 đô la dễ dàng. Click vào liên kết này.
spam,TRÚNG một chiếc ô tô mới tinh ngay! Nhận phần thưởng miễn phí của bạn hôm nay!
ham,Cảm ơn vì đã giúp tôi với ngân sách.
ham,Did you review the report yet?
spam,Limited time offer! Get a free prize for free! Visit our website.
ham,I will be available next Friday.
ham,"Chào bạn, chúng ta vẫn gặp nhau vào tối nay chứ?"
spam,Giảm giá 99% cho tất cả sản phẩm! Hành động nhanh lên!
spam,Chúc mừng! Bạn đã trúng 500 đô la. Gọi ngay!
spam,Khẩn cấp! Tài khoản của bạn cần được xác minh. Nhấn vào đây ngay!
ham,Can you call me when you have time?
spam,Nhân đôi thu nhập! Học cách kiếm 5000 đô la dễ dàng. Nhấn vào đây ngay!
ham,"Chào bạn, chúng ta vẫn gặp nhau vào lúc 2 giờ chiều chứ?"
spam,TRÚNG một phần thưởng miễn phí ngay! Nhận phần thưởng miễn phí của bạn hôm nay!
ham,Bạn đã xem lại ghi chú cuộc họp chưa?
ham,Please send me the report before Wednesday.
spam,FREE a free laptop waiting for you. Click this link.
ham,Bạn đã xem lại hóa đơn chưa?
ham,Let me know if you need help with your project.
ham,Don't forget our dinner next Friday.
ham,The dinner will begin next week.
spam,Nhân đôi thu nhập! Học cách kiếm 200 đô la dễ dàng. Nhấn vào đây ngay!
spam,Nhân đôi thu nhập! Học cách kiếm 200 đô la dễ dàng. Hành động nhanh lên!
ham,"Chào bạn, chúng ta vẫn gặp nhau vào lúc 2 giờ chiều chứ?"
spam,Khẩn cấp! Tài khoản của bạn cần được xác minh. Truy cập trang web của chúng tôi.
ham,Hãy cho tôi biết nếu bạn cần giúp đỡ với việc triển khai.
spam,Limited time offer! Get a new iPhone for free! Claim it here!
ham,Cảm ơn vì đã giúp tôi với kiểm thử.
ham,Vui lòng gửi cho tôi hóa đơn trước thứ Hai.
ham,lịch hẹn sẽ bắt đầu lúc ngày mai.
spam,Double your income! Learn how to make $10000 easily. Visit our website.
ham,"Chào bạn, chúng ta vẫn gặp nhau vào tối nay chứ?"
spam,Nhân đôi thu nhập! Học cách kiếm 500 đô la dễ dàng. Hành động nhanh lên!
spam,Bạn đã được chọn cho một ưu đãi đặc biệt. Nhận ngay tại đây!
spam,WIN a brand new car now! Claim your free reward today!
ham,Hãy cho tôi biết nếu bạn cần giúp đỡ với dự án của bạn.
spam,1000 đô la tiền mặt của bạn đã sẵn sàng để giao. Gọi ngay!
spam,Double your income! Learn how to make $200 easily. Click here now!
ham,bữa tối sẽ bắt đầu lúc ngày mai.
spam,Double your income! Learn how to make $10000 easily. Don't miss out!
ham,Tôi sẽ đang họp vào tối nay.
spam,Giảm giá 30% cho tất cả sản phẩm! Trả lời email này.
spam,Kiếm tiền nhanh chóng! Kiếm 50000 đô la một tuần từ việc làm ở nhà.
ham,Vui lòng gửi cho tôi báo cáo tài chính trước thứ Tư.
spam,một Bitcoin MIỄN PHÍ đang chờ bạn. Gọi ngay!
spam,Chúc mừng! Bạn đã trúng một Bitcoin. Hành động nhanh lên!
spam,WIN $2000 shopping voucher now! Claim your free reward today!
spam,Ưu đãi có thời hạn! Nhận một chiếc ô tô mới tinh miễn phí! Hành động nhanh lên!
ham,Thanks for helping me with testing.
ham,Vui lòng gửi cho tôi ghi chú cuộc họp trước thứ Tư.
spam,Bạn đã được chọn cho một ưu đãi đặc biệt. Trả lời email này.
spam,Kiếm tiền nhanh chóng! Kiếm 200 đô la một tuần từ việc làm ở nhà.
ham,Bạn có thể gọi cho tôi khi bạn thức dậy không?
spam,Khẩn cấp! Tài khoản của bạn cần được xác minh. Gọi ngay!
spam,Ưu đãi có thời hạn! Nhận một thẻ quà tặng miễn phí! Nhận ngay tại đây!
ham,Tôi sẽ đang họp vào tối nay.
spam,một phần thưởng miễn phí của bạn đã sẵn sàng để giao. Gọi ngay!
ham,Bạn đã xem lại ghi chú cuộc họp chưa?
ham,bữa trưa sẽ bắt đầu lúc cuối tuần này.
spam,Ưu đãi có thời hạn! Nhận một phần thưởng miễn phí miễn phí! Gọi ngay!
ham,Did you review the presentation yet?
spam,một chiếc ô tô mới tinh MIỄN PHÍ đang chờ bạn. Gọi ngay!
spam,Khẩn cấp! Tài khoản của bạn cần được xác minh. Nhận ngay tại đây!
ham,Cảm ơn vì đã giúp tôi với ngân sách.
spam,Giảm giá 20% cho tất cả sản phẩm! Đừng bỏ lỡ!
ham,Bạn có thể gọi cho tôi khi bạn về đến nhà không?
ham,Did you review the presentation yet?
spam,500 đô la của bạn đã sẵn sàng để giao. Hành động nhanh lên!
spam,Bạn đã được chọn cho một ưu đãi đặc biệt. Đừng bỏ lỡ!
spam,FREE $500 waiting for you. Reply to this email.
ham,Hãy lên lịch cho một cuộc họp vào vào thứ Hai.
spam,Chúc mừng! Bạn đã trúng một kỳ nghỉ dưỡng sang trọng. Gọi ngay!
ham,Let's schedule a dinner for tomorrow.
spam,Kiếm tiền nhanh chóng! Kiếm 1000 đô la một tuần từ việc làm ở nhà.
ham,Hãy cho tôi biết nếu bạn cần giúp đỡ với kiểm thử.
spam,Chúc mừng! Bạn đã trúng một chiếc iPhone mới. Truy cập trang web của chúng tôi.
spam,Giảm giá 99% cho tất cả sản phẩm! Gọi ngay!
ham,Tôi sẽ vắng mặt vào tuần sau.
ham,I will be available on Monday.
ham,Can you call me when you wake up?
spam,Limited time offer! Get a brand new car for free! Act fast!
ham,Don't forget our call next Friday.
spam,You have been selected for a special offer. Claim it here!
ham,Hãy lên lịch cho một lịch hẹn vào lúc 2 giờ chiều.
ham,Hãy lên lịch cho một bữa trưa vào tuần sau.
ham,Bạn đã xem lại ghi chú cuộc họp chưa?
spam,một chiếc ô tô mới tinh của bạn đã sẵn sàng để giao. Trả lời email này.
spam,Congratulations! You have won a Bitcoin. Claim it here!
spam,Chúc mừng! Bạn đã trúng một chiếc iPhone mới. Trả lời email này.
ham,buổi phỏng vấn sẽ bắt đầu lúc lúc 8 giờ sáng.
spam,TRÚNG 500 đô la ngay! Nhận phần thưởng miễn phí của bạn hôm nay!
ham,Hãy lên lịch cho một cuộc họp vào cuối tuần này.
spam,Double your income! Learn how to make $2500 easily. Act fast!
ham,Hãy cho tôi biết nếu bạn cần giúp đỡ với bài thuyết trình.
spam,Make money fast! Earn $50000 a week from home.
ham,"Hello, are we still meeting on Monday?"
ham,cuộc gọi sẽ bắt đầu lúc tuần sau.
spam,Urgent! Your account needs verification. Click here now!
spam,Congratulations! You have won $2000 shopping voucher. Click here now!
spam,Bạn đã được chọn cho một ưu đãi đặc biệt. Đừng bỏ lỡ!
ham,Did you review the invoice yet?
ham,Cảm ơn vì đã giúp tôi với viết code.
ham,"Chào bạn, chúng ta vẫn gặp nhau vào tuần sau chứ?"
spam,Double your income! Learn how to make $5000 easily. Click here now!
spam,Double your income! Learn how to make $5000 easily. Click here now!
spam,TRÚNG một thẻ quà tặng ngay! Nhận phần thưởng miễn phí của bạn hôm nay!
ham,Let's schedule a lunch for tomorrow.
spam,một chiếc iPhone mới MIỄN PHÍ đang chờ bạn. Truy cập trang web của chúng tôi.
spam,một phần thưởng miễn phí MIỄN PHÍ đang chờ bạn. Trả lời email này.
spam,Make money fast! Earn $10000 a week from home.
spam,Nhân đôi thu nhập! Học cách kiếm 1000 đô la dễ dàng. Gọi ngay!
spam,TRÚNG một phần thưởng miễn phí ngay! Nhận phần thưởng miễn phí của bạn hôm nay!
spam,Make money fast! Earn $200 a week from home.
spam,Kiếm tiền nhanh chóng! Kiếm 50000 đô la một tuần từ việc làm ở nhà.
ham,Let me know if you need help with your project.
ham,Let me know if you need help with the budget.
spam,Chúc mừng! Bạn đã trúng một chiếc iPhone mới. Nhấn vào đây ngay!
spam,Urgent! Your account needs verification. Claim it here!
ham,Đừng quên bữa tối của chúng ta vào lúc 8 giờ sáng.
ham,Let's schedule a dinner for this afternoon.
spam,1000 đô la tiền mặt của bạn đã sẵn sàng để giao. Click vào liên kết này.
ham,Let me know if you need help with your project.
ham,I will be out of office on Monday.
ham,Cảm ơn vì đã giúp tôi với dự án của bạn.
ham,Please send me the report before Wednesday.
ham,Did you review the project proposal yet?
spam,Your a Bitcoin is ready to be shipped. Act fast!
spam,You have been selected for a special offer. Click here now!
ham,cuộc gọi sẽ bắt đầu lúc lúc 2 giờ chiều.
spam,Bạn đã được chọn cho một ưu đãi đặc biệt. Nhận ngay tại đây!
ham,Bạn có thể gọi cho tôi khi bạn đến văn phòng không?
spam,Giảm giá 99% cho tất cả sản phẩm! Nhấn vào đây ngay!
spam,Bạn đã được chọn cho một ưu đãi đặc biệt. Hành động nhanh lên!
ham,lớp học sẽ bắt đầu lúc lúc 8 giờ sáng.
spam,TRÚNG một thẻ quà tặng ngay! Nhận phần thưởng miễn phí của bạn hôm nay!
ham,The dinner will begin tonight.
spam,một Bitcoin MIỄN PHÍ đang chờ bạn. Click vào liên kết này.
ham,lớp học sẽ bắt đầu lúc vào thứ Hai.
ham,Thanks for helping me with the presentation.
spam,Bạn đã được chọn cho một ưu đãi đặc biệt. Nhấn vào đây ngay!
spam,Double your income! Learn how to make $1000 easily. Reply to this email.
spam,Ưu đãi có thời hạn! Nhận 1000 đô la tiền mặt miễn phí! Trả lời email này.
ham,Bạn có thể gọi cho tôi khi bạn rảnh rỗi không?
spam,Congratulations! You have won a Bitcoin. Claim it here!
ham,Vui lòng gửi cho tôi bài tập trước thứ Hai.
spam,Ưu đãi có thời hạn! Nhận phiếu mua hàng trị giá 2000 đô la miễn phí! Đừng bỏ lỡ!
spam,Nhân đôi thu nhập! Học cách kiếm 500 đô la dễ dàng. Trả lời email này.
ham,Hãy cho tôi biết nếu bạn cần giúp đỡ với ngân sách.
spam,Bạn đã được chọn cho một ưu đãi đặc biệt. Truy cập trang web của chúng tôi.
ham,Hãy cho tôi biết nếu bạn cần giúp đỡ với ngân sách.
ham,"Chào bạn, chúng ta vẫn gặp nhau vào vào thứ Hai chứ?"
ham,Vui lòng gửi cho tôi mã nguồn trước thứ Sáu.
spam,Bạn đã được chọn cho một ưu đãi đặc biệt. Đừng bỏ lỡ!
ham,Tôi sẽ bị ốm vào thứ Sáu tới.
ham,"Chào bạn, chúng ta vẫn gặp nhau vào cuối tuần này chứ?"
ham,I will be busy on Monday.
ham,Bạn có thể gọi cho tôi khi bạn ăn trưa xong không?
ham,The class will begin later today.
ham,Tôi sẽ vắng mặt vào ngày mai.
ham,"Hello, are we still meeting tonight?"
ham,"Chào bạn, chúng ta vẫn gặp nhau vào chiều nay chứ?"
spam,Ưu đãi có thời hạn! Nhận một chiếc iPhone mới miễn phí! Đừng bỏ lỡ!
ham,buổi phỏng vấn sẽ bắt đầu lúc vào thứ Hai.
spam,Khẩn cấp! Tài khoản của bạn cần được xác minh. Gọi ngay!
spam,Kiếm tiền nhanh chóng! Kiếm 500 đô la một tuần từ việc làm ở nhà.
spam,TRÚNG một chiếc iPhone mới ngay! Nhận phần thưởng miễn phí của bạn hôm nay!
spam,Kiếm tiền nhanh chóng! Kiếm 2500 đô la một tuần từ việc làm ở nhà.
ham,Cảm ơn vì đã giúp tôi với viết code.
ham,Bạn đã xem lại bài tập chưa?
spam,một chiếc laptop miễn phí của bạn đã sẵn sàng để giao. Đừng bỏ lỡ!
ham,Hãy cho tôi biết nếu bạn cần giúp đỡ với việc triển khai.
spam,WIN $1000 cash now! Claim your free reward today!
spam,một phần thưởng miễn phí của bạn đã sẵn sàng để giao. Nhận ngay tại đây!
ham,Hãy lên lịch cho một lịch hẹn vào ngày mai.
ham,Don't forget our conference next week.
ham,Vui lòng gửi cho tôi hóa đơn trước thứ Tư.
spam,You have been selected for a special offer. Don't miss out!
ham,Bạn đã xem lại ghi chú cuộc họp chưa?
spam,Kiếm tiền nhanh chóng! Kiếm 500 đô la một tuần từ việc làm ở nhà.
spam,Your a free laptop is ready to be shipped. Click here now!
ham,Tôi sẽ đang họp vào ngày mai.
ham,Hãy cho tôi biết nếu bạn cần giúp đỡ với việc triển khai.
spam,Get 30% off on all products! Call now!
ham,Please send me the report before Friday.
spam,Chúc mừng! Bạn đã trúng một chiếc laptop miễn phí. Truy cập trang web của chúng tôi.
ham,Bạn đã xem lại đề xuất dự án chưa?
spam,Giảm giá 75% cho tất cả sản phẩm! Trả lời email này.
spam,Khẩn cấp! Tài khoản của bạn cần được xác minh. Gọi ngay!
ham,buổi họp nhóm sẽ bắt đầu lúc lúc 8 giờ sáng.
spam,Giảm giá 20% cho tất cả sản phẩm! Nhận ngay tại đây!
spam,WIN a free prize now! Claim your free reward today!
ham,Vui lòng gửi cho tôi bản thuyết trình trước thứ Hai.
ham,Bạn có thể gọi cho tôi khi bạn về đến nhà không?
ham,Hãy lên lịch cho một cuộc họp vào cuối tuần này.
ham,The interview will begin tomorrow.
ham,"Chào bạn, chúng ta vẫn gặp nhau vào tuần sau chứ?"
spam,một chiếc ô tô mới tinh MIỄN PHÍ đang chờ bạn. Đừng bỏ lỡ!
ham,The meeting will begin later today.
spam,Kiếm tiền nhanh chóng! Kiếm 2500 đô la một tuần từ việc làm ở nhà.
spam,WIN $1000 cash now! Claim your free reward today!
spam,một thẻ quà tặng MIỄN PHÍ đang chờ bạn. Hành động nhanh lên!
spam,Ưu đãi có thời hạn! Nhận một thẻ quà tặng miễn phí! Truy cập trang web của chúng tôi.
ham,Cảm ơn vì đã giúp tôi với kiểm thử.
spam,Khẩn cấp! Tài khoản của bạn cần được xác minh. Click vào liên kết này.
spam,Your a free laptop is ready to be shipped. Click here now!
ham,Tôi sẽ vắng mặt vào lát nữa.
spam,phiếu mua hàng trị giá 2000 đô la MIỄN PHÍ đang chờ bạn. Gọi ngay!
spam,Nhân đôi thu nhập! Học cách kiếm 10000 đô la dễ dàng. Click vào liên kết này.
spam,You have been selected for a special offer. Click this link.
spam,Bạn đã được chọn cho một ưu đãi đặc biệt. Nhấn vào đây ngay!
ham,Bạn có thể gọi cho tôi khi bạn về đến nhà không?
spam,Ưu đãi có thời hạn! Nhận một chiếc ô tô mới tinh miễn phí! Hành động nhanh lên!
spam,Get 20% off on all products! Claim it here!
spam,Get 99% off on all products! Visit our website.
ham,Hãy lên lịch cho một buổi họp nhóm vào vào thứ Hai.
spam,Make money fast! Earn $200 a week from home.
ham,Hãy cho tôi biết nếu bạn cần giúp đỡ với kiểm thử.
spam,Khẩn cấp! Tài khoản của bạn cần được xác minh. Trả lời email này.
spam,Bạn đã được chọn cho một ưu đãi đặc biệt. Hành động nhanh lên!
ham,Bạn có thể gọi cho tôi khi bạn về đến nhà không?
ham,Đừng quên lớp học của chúng ta vào ngày mai.
ham,Cảm ơn vì đã giúp tôi với bản báo cáo.
ham,Can you call me when you finish the meeting?
ham,"Hello, are we still meeting tomorrow?"
spam,Khẩn cấp! Tài khoản của bạn cần được xác minh. Gọi ngay!
ham,bữa tối sẽ bắt đầu lúc chiều nay.
spam,một Bitcoin MIỄN PHÍ đang chờ bạn. Nhấn vào đây ngay!
ham,Hãy cho tôi biết nếu bạn cần giúp đỡ với kiểm thử.
spam,Kiếm tiền nhanh chóng! Kiếm 5000 đô la một tuần từ việc làm ở nhà.
ham,Tôi sẽ đi nghỉ mát vào lúc 2 giờ chiều.
spam,Get 80% off on all products! Reply to this email.
spam,Bạn đã được chọn cho một ưu đãi đặc biệt. Gọi ngay!
ham,Can you call me when you get to the office?
spam,Giảm giá 75% cho tất cả sản phẩm! Hành động nhanh lên!
ham,The group meeting will begin next week.
ham,Vui lòng gửi cho tôi bản nháp thiết kế trước thứ Hai.
spam,Chúc mừng! Bạn đã trúng một phần thưởng miễn phí. Trả lời email này.
ham,Tôi sẽ bị ốm vào lát nữa.
spam,Bạn đã được chọn cho một ưu đãi đặc biệt. Nhận ngay tại đây!
spam,một chiếc ô tô mới tinh MIỄN PHÍ đang chờ bạn. Hành động nhanh lên!
ham,Thanks for helping me with testing.
spam,TRÚNG một chiếc ô tô mới tinh ngay! Nhận phần thưởng miễn phí của bạn hôm nay!
spam,Nhân đôi thu nhập! Học cách kiếm 1000 đô la dễ dàng. Gọi ngay!
ham,Tôi sẽ đang họp vào lúc 8 giờ sáng.
ham,Tôi sẽ bị ốm vào lát nữa.
ham,Vui lòng gửi cho tôi mã nguồn trước thứ Hai.
ham,"Chào bạn, chúng ta vẫn gặp nhau vào lát nữa chứ?"
spam,You have been selected for a special offer. Don't miss out!
spam,Bạn đã được chọn cho một ưu đãi đặc biệt. Hành động nhanh lên!
ham,Hãy lên lịch cho một bữa tối vào lúc 2 giờ chiều.
ham,Tôi sẽ vắng mặt vào lát nữa.
ham,"Chào bạn, chúng ta vẫn gặp nhau vào chiều nay chứ?"
spam,Ưu đãi có thời hạn! Nhận một kỳ nghỉ dưỡng sang trọng miễn phí! Nhấn vào đây ngay!
spam,Kiếm tiền nhanh chóng! Kiếm 10000 đô la một tuần từ việc làm ở nhà.
ham,The lunch will begin tonight.
ham,Tôi sẽ đi nghỉ mát vào tối nay.
spam,Khẩn cấp! Tài khoản của bạn cần được xác minh. Đừng bỏ lỡ!
ham,Tôi sẽ vắng mặt vào vào thứ Hai.
ham,Hãy lên lịch cho một buổi họp nhóm vào chiều nay.
spam,WIN a brand new car now! Claim your free reward today!
spam,Bạn đã được chọn cho một ưu đãi đặc biệt. Hành động nhanh lên!
spam,Bạn đã được chọn cho một ưu đãi đặc biệt. Nhận ngay tại đây!
spam,Urgent! Your account needs verification. Call now!
spam,Khẩn cấp! Tài khoản của bạn cần được xác minh. Hành động nhanh lên!
spam,500 đô la của bạn đã sẵn sàng để giao. Click vào liên kết này.
ham,The call will begin later today.
spam,Giảm giá 30% cho tất cả sản phẩm! Click vào liên kết này.
spam,một kỳ nghỉ dưỡng sang trọng của bạn đã sẵn sàng để giao. Nhấn vào đây ngay!
ham,Did you review the report yet?
ham,Bạn đã xem lại bản nháp thiết kế chưa?
spam,Nhân đôi thu nhập! Học cách kiếm 500 đô la dễ dàng. Đừng bỏ lỡ!
ham,Don't forget our class later today.
ham,Vui lòng gửi cho tôi bài tập trước cuối tuần.
ham,Let's schedule a interview for next week.
ham,"Hello, are we still meeting next Friday?"
ham,Bạn đã xem lại đề xuất dự án chưa?
ham,Hãy cho tôi biết nếu bạn cần giúp đỡ với ngân sách.
ham,Thanks for helping me with the budget.
spam,Khẩn cấp! Tài khoản của bạn cần được xác minh. Gọi ngay!
spam,Khẩn cấp! Tài khoản của bạn cần được xác minh. Nhấn vào đây ngay!
spam,FREE a gift card waiting for you. Act fast!
spam,phiếu mua hàng trị giá 2000 đô la MIỄN PHÍ đang chờ bạn. Đừng bỏ lỡ!
spam,WIN a free prize now! Claim your free reward today!
spam,Urgent! Your account needs verification. Claim it here!
spam,Bạn đã được chọn cho một ưu đãi đặc biệt. Gọi ngay!
spam,một thẻ quà tặng MIỄN PHÍ đang chờ bạn. Truy cập trang web của chúng tôi.
ham,Let's schedule a lunch for next Friday.
ham,Đừng quên bữa trưa của chúng ta vào tuần sau.
ham,Vui lòng gửi cho tôi hóa đơn trước thứ Hai.
ham,Hãy lên lịch cho một cuộc gọi vào ngày mai.
spam,Khẩn cấp! Tài khoản của bạn cần được xác minh. Click vào liên kết này.
ham,Hãy lên lịch cho một cuộc gọi vào lát nữa.
spam,Chúc mừng! Bạn đã trúng một chiếc iPhone mới. Nhấn vào đây ngay!
ham,Please send me the design draft before Thursday.
spam,Chúc mừng! Bạn đã trúng phiếu mua hàng trị giá 2000 đô la. Hành động nhanh lên!
ham,lớp học sẽ bắt đầu lúc vào thứ Hai.
ham,Let me know if you need help with the budget.
ham,Can you call me when you get to the office?
spam,Chúc mừng! Bạn đã trúng một phần thưởng miễn phí. Nhấn vào đây ngay!
spam,Congratulations! You have won $2000 shopping voucher. Click here now!
spam,Double your income! Learn how to make $10000 easily. Click here now!
spam,WIN $2000 shopping voucher now! Claim your free reward today!
ham,"Chào bạn, chúng ta vẫn gặp nhau vào chiều nay chứ?"
ham,Bạn có thể gọi cho tôi khi bạn họp xong không?
spam,Make money fast! Earn $10000 a week from home.
ham,Let me know if you need help with the assignment.
spam,TRÚNG một phần thưởng miễn phí ngay! Nhận phần thưởng miễn phí của bạn hôm nay!
spam,Ưu đãi có thời hạn! Nhận 500 đô la miễn phí! Truy cập trang web của chúng tôi.
spam,Congratulations! You have won a Bitcoin. Don't miss out!
ham,Tôi sẽ làm việc ở nhà vào vào thứ Hai.
spam,Kiếm tiền nhanh chóng! Kiếm 5000 đô la một tuần từ việc làm ở nhà.
spam,Ưu đãi có thời hạn! Nhận 1000 đô la tiền mặt miễn phí! Nhấn vào đây ngay!
ham,Hãy cho tôi biết nếu bạn cần giúp đỡ với việc triển khai.
ham,Please send me the financial statement before tomorrow.
spam,Khẩn cấp! Tài khoản của bạn cần được xác minh. Truy cập trang web của chúng tôi.
ham,Hãy cho tôi biết nếu bạn cần giúp đỡ với viết code.
ham,Hãy lên lịch cho một buổi phỏng vấn vào lúc 2 giờ chiều.
ham,Bạn đã xem lại đề xuất dự án chưa?
ham,Đừng quên buổi họp nhóm của chúng ta vào vào thứ Hai.
spam,Urgent! Your account needs verification. Claim it here!
spam,Nhân đôi thu nhập! Học cách kiếm 1000 đô la dễ dàng. Trả lời email này.
spam,một Bitcoin của bạn đã sẵn sàng để giao. Gọi ngay!
spam,1000 đô la tiền mặt của bạn đã sẵn sàng để giao. Gọi ngay!
spam,Giảm giá 75% cho tất cả sản phẩm! Hành động nhanh lên!
ham,Please send me the financial statement before Monday.
ham,Hãy cho tôi biết nếu bạn cần giúp đỡ với ngân sách.
spam,một chiếc iPhone mới của bạn đã sẵn sàng để giao. Truy cập trang web của chúng tôi.
spam,Limited time offer! Get a brand new car for free! Don't miss out!
ham,Tôi sẽ vắng mặt vào lát nữa.
ham,Đừng quên lớp học của chúng ta vào lát nữa.
ham,bữa trưa sẽ bắt đầu lúc lát nữa.
spam,Get 50% off on all products! Call now!
spam,Chúc mừng! Bạn đã trúng một thẻ quà tặng. Nhấn vào đây ngay!
spam,Khẩn cấp! Tài khoản của bạn cần được xác minh. Nhận ngay tại đây!
ham,Please send me the meeting notes before Wednesday.
spam,Urgent! Your account needs verification. Visit our website.
ham,I will be out of office this weekend.
ham,Tôi sẽ đang họp vào lúc 2 giờ chiều.
ham,"Chào bạn, chúng ta vẫn gặp nhau vào lúc 8 giờ sáng chứ?"
ham,Please send me the code before the end of the week.
ham,Vui lòng gửi cho tôi đề xuất dự án trước cuối tuần.
ham,Can you call me when you finish lunch?
ham,Bạn đã xem lại mã nguồn chưa?
ham,Cảm ơn vì đã giúp tôi với viết code.
ham,Bạn có thể gọi cho tôi khi bạn có thời gian không?
ham,Cảm ơn vì đã giúp tôi với ngân sách.
spam,Double your income! Learn how to make $1000 easily. Click here now!
ham,Let me know if you need help with testing.
spam,một Bitcoin MIỄN PHÍ đang chờ bạn. Trả lời email này.
spam,Khẩn cấp! Tài khoản của bạn cần được xác minh. Nhận ngay tại đây!
ham,buổi họp nhóm sẽ bắt đầu lúc lúc 2 giờ chiều.
ham,Hãy lên lịch cho một bữa tối vào chiều nay.
ham,Please send me the presentation before Tuesday.
spam,FREE a Bitcoin waiting for you. Don't miss out!
ham,"Chào bạn, chúng ta vẫn gặp nhau vào ngày mai chứ?"
ham,Hãy cho tôi biết nếu bạn cần giúp đỡ với bản báo cáo.
ham,Vui lòng gửi cho tôi đề xuất dự án trước thứ Sáu.
spam,Giảm giá 99% cho tất cả sản phẩm! Đừng bỏ lỡ!
spam,Chúc mừng! Bạn đã trúng một Bitcoin. Đừng bỏ lỡ!
ham,Vui lòng gửi cho tôi báo cáo tài chính trước thứ Năm.
ham,Bạn đã xem lại bản thuyết trình chưa?
spam,Giảm giá 30% cho tất cả sản phẩm! Nhấn vào đây ngay!
spam,một chiếc laptop miễn phí của bạn đã sẵn sàng để giao. Nhận ngay tại đây!
ham,Did you review the report yet?
ham,bữa trưa sẽ bắt đầu lúc cuối tuần này.
spam,một Bitcoin của bạn đã sẵn sàng để giao. Nhấn vào đây ngay!
spam,Double your income! Learn how to make $500 easily. Reply to this email.
ham,Let me know if you need help with your project.
ham,Let's schedule a appointment for this weekend.
ham,Tôi sẽ làm việc ở nhà vào cuối tuần này.
spam,Chúc mừng! Bạn đã trúng phiếu mua hàng trị giá 2000 đô la. Đừng bỏ lỡ!
spam,Khẩn cấp! Tài khoản của bạn cần được xác minh. Hành động nhanh lên!
ham,Bạn đã xem lại báo cáo chưa?
spam,TRÚNG một chiếc iPhone mới ngay! Nhận phần thưởng miễn phí của bạn hôm nay!
ham,bữa trưa sẽ bắt đầu lúc tuần sau.
ham,Cảm ơn vì đã giúp tôi với bài thuyết trình.
ham,Can you call me when you wake up?
ham,Bạn có thể gọi cho tôi khi bạn thức dậy không?
ham,I will be in a meeting this afternoon.
ham,"Hello, are we still meeting next week?"
spam,Urgent! Your account needs verification. Call now!
spam,Congratulations! You have won a free laptop. Claim it here!
spam,Ưu đãi có thời hạn! Nhận một chiếc iPhone mới miễn phí! Đừng bỏ lỡ!
ham,Bạn đã xem lại mã nguồn chưa?
ham,hài vllll các anh em ạ
ham,Hãy lên lịch cho một cuộc họp vào thứ Sáu tới.
ham,Hãy lên lịch cho một buổi phỏng vấn vào lúc 8 giờ sáng.
spam,Make money fast! Earn $5000 a week from home.
spam,Giảm giá 30% cho tất cả sản phẩm! Truy cập trang web của chúng tôi.
spam,Giảm giá 75% cho tất cả sản phẩm! Hành động nhanh lên!
ham,"Chào bạn, chúng ta vẫn gặp nhau vào cuối tuần này chứ?"
ham,"Chào bạn, chúng ta vẫn gặp nhau vào lúc 8 giờ sáng chứ?"
spam,một chiếc laptop miễn phí MIỄN PHÍ đang chờ bạn. Trả lời email này.
spam,Bạn đã được chọn cho một ưu đãi đặc biệt. Gọi ngay!
ham,Bạn có thể gọi cho tôi khi bạn về đến nhà không?
ham,Đừng quên cuộc gọi của chúng ta vào tuần sau.
spam,Bạn đã được chọn cho một ưu đãi đặc biệt. Click vào liên kết này.
ham,"Hello, are we still meeting at 8 AM?"
spam,Bạn đã được chọn cho một ưu đãi đặc biệt. Gọi ngay!
spam,Bạn đã được chọn cho một ưu đãi đặc biệt. Truy cập trang web của chúng tôi.
spam,Limited time offer! Get $1000 cash for free! Reply to this email.
spam,một thẻ quà tặng của bạn đã sẵn sàng để giao. Gọi ngay!
ham,cuộc gọi sẽ bắt đầu lúc lát nữa.
spam,một phần thưởng miễn phí MIỄN PHÍ đang chờ bạn. Truy cập trang web của chúng tôi.
ham,Vui lòng gửi cho tôi báo cáo trước thứ Năm.
spam,Congratulations! You have won a luxury vacation. Click here now!
spam,Bạn đã được chọn cho một ưu đãi đặc biệt. Nhấn vào đây ngay!
ham,Hãy cho tôi biết nếu bạn cần giúp đỡ với viết code.
spam,TRÚNG một phần thưởng miễn phí ngay! Nhận phần thưởng miễn phí của bạn hôm nay!
ham,Can you call me when you are free?
spam,FREE a Bitcoin waiting for you. Act fast!
ham,Bạn đã xem lại báo cáo chưa?
ham,Hãy lên lịch cho một lớp học vào lúc 8 giờ sáng.
spam,500 đô la MIỄN PHÍ đang chờ bạn. Trả lời email này.
spam,1000 đô la tiền mặt của bạn đã sẵn sàng để giao. Nhận ngay tại đây!
spam,Chúc mừng! Bạn đã trúng một Bitcoin. Truy cập trang web của chúng tôi.
ham,"Chào bạn, chúng ta vẫn gặp nhau vào thứ Sáu tới chứ?"
spam,Double your income! Learn how to make $1000 easily. Click here now!
ham,Did you review the project proposal yet?
spam,1000 đô la tiền mặt của bạn đã sẵn sàng để giao. Nhấn vào đây ngay!
spam,Ưu đãi có thời hạn! Nhận một chiếc ô tô mới tinh miễn phí! Trả lời email này.
ham,Vui lòng gửi cho tôi bản nháp thiết kế trước ngày mai.
ham,Tôi sẽ rảnh vào lúc 2 giờ chiều.
spam,You have been selected for a special offer. Act fast!
spam,Get 90% off on all products! Don't miss out!
ham,Đừng quên lịch hẹn của chúng ta vào thứ Sáu tới.
spam,Congratulations! You have won a new iPhone. Claim it here!
spam,Khẩn cấp! Tài khoản của bạn cần được xác minh. Trả lời email này.
ham,Did you review the code yet?
spam,Nhân đôi thu nhập! Học cách kiếm 10000 đô la dễ dàng. Trả lời email này.
ham,The conference will begin this afternoon.
spam,TRÚNG một chiếc laptop miễn phí ngay! Nhận phần thưởng miễn phí của bạn hôm nay!
ham,Let me know if you need help with the deployment.
spam,một Bitcoin MIỄN PHÍ đang chờ bạn. Truy cập trang web của chúng tôi.
ham,Can you call me when you arrive home?
spam,500 đô la MIỄN PHÍ đang chờ bạn. Đừng bỏ lỡ!
spam,Congratulations! You have won $1000 cash. Visit our website.
ham,Cảm ơn vì đã giúp tôi với ngân sách.
ham,Hãy lên lịch cho một bữa tối vào vào thứ Hai.
ham,I will be working from home later today.
ham,Bạn có thể gọi cho tôi khi bạn họp xong không?
spam,You have been selected for a special offer. Claim it here!
spam,500 đô la của bạn đã sẵn sàng để giao. Click vào liên kết này.
ham,Vui lòng gửi cho tôi bản thuyết trình trước thứ Sáu.
spam,Kiếm tiền nhanh chóng! Kiếm 10000 đô la một tuần từ việc làm ở nhà.
spam,Ưu đãi có thời hạn! Nhận 500 đô la miễn phí! Đừng bỏ lỡ!
spam,Bạn đã được chọn cho một ưu đãi đặc biệt. Nhấn vào đây ngay!
ham,Đừng quên buổi họp nhóm của chúng ta vào vào thứ Hai.
spam,Ưu đãi có thời hạn! Nhận 500 đô la miễn phí! Trả lời email này.
ham,Bạn có thể gọi cho tôi khi bạn thức dậy không?
ham,Vui lòng gửi cho tôi báo cáo tài chính trước thứ Ba.
ham,Cảm ơn vì đã giúp tôi với viết code.
ham,Hãy lên lịch cho một lớp học vào lát nữa.
ham,Hãy cho tôi biết nếu bạn cần giúp đỡ với ngân sách.
ham,Can you call me when you get to the office?
ham,"Chào bạn, chúng ta vẫn gặp nhau vào cuối tuần này chứ?"
ham,Thanks for helping me with the budget.
spam,Khẩn cấp! Tài khoản của bạn cần được xác minh. Truy cập trang web của chúng tôi.
ham,Bạn đã xem lại hóa đơn chưa?
spam,Your $1000 cash is ready to be shipped. Claim it here!
ham,Cảm ơn vì đã giúp tôi với bài thuyết trình.
ham,Let's schedule a group meeting for this weekend.
spam,500 đô la MIỄN PHÍ đang chờ bạn. Click vào liên kết này.
ham,"Chào bạn, chúng ta vẫn gặp nhau vào thứ Sáu tới chứ?"
spam,Bạn đã được chọn cho một ưu đãi đặc biệt. Truy cập trang web của chúng tôi.
ham,lịch hẹn sẽ bắt đầu lúc lúc 8 giờ sáng.
spam,TRÚNG một chiếc ô tô mới tinh ngay! Nhận phần thưởng miễn phí của bạn hôm nay!
spam,Congratulations! You have won a new iPhone. Claim it here!
ham,Đừng quên buổi phỏng vấn của chúng ta vào vào thứ Hai.
ham,Bạn có thể gọi cho tôi khi bạn về đến nhà không?
spam,Giảm giá 75% cho tất cả sản phẩm! Đừng bỏ lỡ!
ham,"Hello, are we still meeting next week?"
spam,Khẩn cấp! Tài khoản của bạn cần được xác minh. Gọi ngay!
ham,Vui lòng gửi cho tôi báo cáo trước ngày mai.
ham,Thanks for helping me with the budget.
spam,Ưu đãi có thời hạn! Nhận 1000 đô la tiền mặt miễn phí! Truy cập trang web của chúng tôi.
spam,Ưu đãi có thời hạn! Nhận một chiếc laptop miễn phí miễn phí! Nhấn vào đây ngay!
spam,500 đô la của bạn đã sẵn sàng để giao. Đừng bỏ lỡ!
ham,Thanks for helping me with testing.
spam,FREE $500 waiting for you. Act fast!
ham,The group meeting will begin at 8 AM.
spam,Your a free prize is ready to be shipped. Reply to this email.
spam,Double your income! Learn how to make $1000 easily. Act fast!
ham,"Chào bạn, chúng ta vẫn gặp nhau vào tuần sau chứ?"
ham,Cảm ơn vì đã giúp tôi với viết code.
ham,đfgfgdfgdg
ham,dxvfffdbdf
ham,2324325435365363y37
ham,Hãy lên lịch cho một cuộc họp vào thứ Sáu tới.
ham,Hãy lên lịch cho một buổi phỏng vấn vào lúc 8 giờ sáng.
spam,Make money fast! Earn $5000 a week from home.
spam,Giảm giá 30% cho tất cả sản phẩm! Truy cập trang web của chúng tôi.
spam,Giảm giá 75% cho tất cả sản phẩm! Hành động nhanh lên!
ham,"Chào bạn, chúng ta vẫn gặp nhau vào cuối tuần này chứ?"
ham,"Chào bạn, chúng ta vẫn gặp nhau vào lúc 8 giờ sáng chứ?"
spam,một chiếc laptop miễn phí MIỄN PHÍ đang chờ bạn. Trả lời email này.
spam,Bạn đã được chọn cho một ưu đãi đặc biệt. Gọi ngay!
ham,Bạn có thể gọi cho tôi khi bạn về đến nhà không?
ham,Đừng quên cuộc gọi của chúng ta vào tuần sau.
spam,Bạn đã được chọn cho một ưu đãi đặc biệt. Click vào liên kết này.
ham,"Hello, are we still meeting at 8 AM?"
spam,Bạn đã được chọn cho một ưu đãi đặc biệt. Gọi ngay!
spam,Bạn đã được chọn cho một ưu đãi đặc biệt. Truy cập trang web của chúng tôi.
spam,Limited time offer! Get $1000 cash for free! Reply to this email.
spam,một thẻ quà tặng của bạn đã sẵn sàng để giao. Gọi ngay!
ham,cuộc gọi sẽ bắt đầu lúc lát nữa.
spam,một phần thưởng miễn phí MIỄN PHÍ đang chờ bạn. Truy cập trang web của chúng tôi.
ham,Vui lòng gửi cho tôi báo cáo trước thứ Năm.
spam,Congratulations! You have won a luxury vacation. Click here now!
spam,Bạn đã được chọn cho một ưu đãi đặc biệt. Nhấn vào đây ngay!
ham,Hãy cho tôi biết nếu bạn cần giúp đỡ với viết code.
spam,TRÚNG một phần thưởng miễn phí ngay! Nhận phần thưởng miễn phí của bạn hôm nay!
ham,Can you call me when you are free?
spam,FREE a Bitcoin waiting for you. Act fast!
ham,Bạn đã xem lại báo cáo chưa?
ham,Hãy lên lịch cho một lớp học vào lúc 8 giờ sáng.
spam,500 đô la MIỄN PHÍ đang chờ bạn. Trả lời email này.
spam,1000 đô la tiền mặt của bạn đã sẵn sàng để giao. Nhận ngay tại đây!
spam,Chúc mừng! Bạn đã trúng một Bitcoin. Truy cập trang web của chúng tôi.
ham,"Chào bạn, chúng ta vẫn gặp nhau vào thứ Sáu tới chứ?"
spam,Double your income! Learn how to make $1000 easily. Click here now!
ham,Did you review the project proposal yet?
spam,1000 đô la tiền mặt của bạn đã sẵn sàng để giao. Nhấn vào đây ngay!
spam,Ưu đãi có thời hạn! Nhận một chiếc ô tô mới tinh miễn phí! Trả lời email này.
ham,Vui lòng gửi cho tôi bản nháp thiết kế trước ngày mai.
ham,Tôi sẽ rảnh vào lúc 2 giờ chiều.
spam,You have been selected for a special offer. Act fast!
spam,Get 90% off on all products! Don't miss out!
ham,Đừng quên lịch hẹn của chúng ta vào thứ Sáu tới.
spam,Congratulations! You have won a new iPhone. Claim it here!
spam,Khẩn cấp! Tài khoản của bạn cần được xác minh. Trả lời email này.
ham,Did you review the code yet?
spam,Nhân đôi thu nhập! Học cách kiếm 10000 đô la dễ dàng. Trả lời email này.
ham,The conference will begin this afternoon.
spam,TRÚNG một chiếc laptop miễn phí ngay! Nhận phần thưởng miễn phí của bạn hôm nay!
ham,Let me know if you need help with the deployment.
spam,một Bitcoin MIỄN PHÍ đang chờ bạn. Truy cập trang web của chúng tôi.
ham,Can you call me when you arrive home?
spam,500 đô la MIỄN PHÍ đang chờ bạn. Đừng bỏ lỡ!
spam,Congratulations! You have won $1000 cash. Visit our website.
ham,Cảm ơn vì đã giúp tôi với ngân sách.
ham,Hãy lên lịch cho một bữa tối vào vào thứ Hai.
ham,I will be working from home later today.
ham,Bạn có thể gọi cho tôi khi bạn họp xong không?
spam,You have been selected for a special offer. Claim it here!
spam,500 đô la của bạn đã sẵn sàng để giao. Click vào liên kết này.
ham,Vui lòng gửi cho tôi bản thuyết trình trước thứ Sáu.
spam,Kiếm tiền nhanh chóng! Kiếm 10000 đô la một tuần từ việc làm ở nhà.
spam,Ưu đãi có thời hạn! Nhận 500 đô la miễn phí! Đừng bỏ lỡ!
spam,Bạn đã được chọn cho một ưu đãi đặc biệt. Nhấn vào đây ngay!
ham,Đừng quên buổi họp nhóm của chúng ta vào vào thứ Hai.
spam,Ưu đãi có thời hạn! Nhận 500 đô la miễn phí! Trả lời email này.
ham,Bạn có thể gọi cho tôi khi bạn thức dậy không?
ham,Vui lòng gửi cho tôi báo cáo tài chính trước thứ Ba.
ham,Cảm ơn vì đã giúp tôi với viết code.
ham,Hãy lên lịch cho một lớp học vào lát nữa.
ham,Hãy cho tôi biết nếu bạn cần giúp đỡ với ngân sách.
ham,Can you call me when you get to the office?
ham,"Chào bạn, chúng ta vẫn gặp nhau vào cuối tuần này chứ?"
ham,Thanks for helping me with the budget.
spam,Khẩn cấp! Tài khoản của bạn cần được xác minh. Truy cập trang web của chúng tôi.
ham,Bạn đã xem lại hóa đơn chưa?
spam,Your $1000 cash is ready to be shipped. Claim it here!
ham,Cảm ơn vì đã giúp tôi với bài thuyết trình.
ham,Let's schedule a group meeting for this weekend.
spam,500 đô la MIỄN PHÍ đang chờ bạn. Click vào liên kết này.
ham,"Chào bạn, chúng ta vẫn gặp nhau vào thứ Sáu tới chứ?"
spam,Bạn đã được chọn cho một ưu đãi đặc biệt. Truy cập trang web của chúng tôi.
ham,lịch hẹn sẽ bắt đầu lúc lúc 8 giờ sáng.
spam,TRÚNG một chiếc ô tô mới tinh ngay! Nhận phần thưởng miễn phí của bạn hôm nay!
spam,Congratulations! You have won a new iPhone. Claim it here!
ham,Đừng quên buổi phỏng vấn của chúng ta vào vào thứ Hai.
ham,Bạn có thể gọi cho tôi khi bạn về đến nhà không?
spam,Giảm giá 75% cho tất cả sản phẩm! Đừng bỏ lỡ!
ham,"Hello, are we still meeting next week?"
spam,Khẩn cấp! Tài khoản của bạn cần được xác minh. Gọi ngay!
ham,Vui lòng gửi cho tôi báo cáo trước ngày mai.
ham,Thanks for helping me with the budget.
spam,Ưu đãi có thời hạn! Nhận 1000 đô la tiền mặt miễn phí! Truy cập trang web của chúng tôi.
spam,Ưu đãi có thời hạn! Nhận một chiếc laptop miễn phí miễn phí! Nhấn vào đây ngay!
spam,500 đô la của bạn đã sẵn sàng để giao. Đừng bỏ lỡ!
ham,Thanks for helping me with testing.
spam,FREE $500 waiting for you. Act fast!
ham,The group meeting will begin at 8 AM.
spam,Your a free prize is ready to be shipped. Reply to this email.
spam,Double your income! Learn how to make $1000 easily. Act fast!
ham,"Chào bạn, chúng ta vẫn gặp nhau vào tuần sau chứ?"
ham,Cảm ơn vì đã giúp tôi với viết code.
spam,"Chúc mừng bạn đã trúng thưởng một phần quà miễn phí, hãy nhấn vào liên kết để nhận ngay."
spam,"Bạn đã được chọn nhận voucher miễn phí, xác nhận thông tin ngay hôm nay."
spam,"Cơ hội nhận quà hấp dẫn chỉ còn hôm nay, bấm vào đường dẫn để nhận thưởng."
spam,"Tài khoản của bạn đã nhận được phần thưởng đặc biệt, hãy xác nhận để nhận quà."
spam,"Khuyến mãi cực lớn, nhận quà miễn phí ngay hôm nay."
spam,"Chúc mừng bạn đã trúng giải thưởng, vui lòng cung cấp thông tin để nhận tiền."
spam,Bạn là khách hàng may mắn được nhận phần quà đặc biệt miễn phí.
spam,Nhận ngay ưu đãi đặc biệt bằng cách nhấn vào liên kết này.
spam,"Giải thưởng đang chờ bạn, xác nhận tài khoản để nhận quà."
spam,"Cơ hội trúng thưởng hấp dẫn, đăng ký ngay để nhận phần quà."
ham,Chiều mai lớp mình học lúc hai giờ nhé.
ham,Bạn gửi cho mình tài liệu bài tập hôm qua được không.
ham,Ngày mai chúng ta gặp nhau ở thư viện nhé.
ham,Thầy vừa thông báo tuần sau lớp sẽ kiểm tra.
ham,Mình đã gửi tài liệu qua email cho bạn rồi.
ham,Bạn nhớ nộp bài tập trước thứ sáu nhé.
ham,Cuộc họp nhóm sẽ bắt đầu vào sáng mai.
ham,Chiều nay bạn có đi học không.
ham,Mình sẽ đến trường vào khoảng tám giờ sáng.
ham,Bạn kiểm tra giúp mình file báo cáo vừa gửi nhé.
spam,TRÚNG một chiếc laptop miễn phí ngay! Nhận phần thưởng miễn phí của bạn hôm nay!
ham,Tôi sẽ bị ốm vào vào thứ Hai.
ham,"Hello, are we still meeting later today?"
spam,Bạn đã được chọn cho một ưu đãi đặc biệt. Click vào liên kết này.
ham,Can you call me when you wake up?
ham,Don't forget our group meeting later today.
spam,Chúc mừng! Bạn đã trúng 500 đô la. Đừng bỏ lỡ!
spam,Limited time offer! Get $500 for free! Visit our website.
ham,Did you review the design draft yet?
spam,WIN a free prize now! Claim your free reward today!
spam,Your $500 is ready to be shipped. Don't miss out!
ham,Bạn đã xem lại bản nháp thiết kế chưa?
ham,Đừng quên lịch hẹn của chúng ta vào lúc 2 giờ chiều.
spam,500 đô la của bạn đã sẵn sàng để giao. Nhấn vào đây ngay!
ham,Let me know if you need help with testing.
ham,Did you review the report yet?
ham,Bạn có thể gọi cho tôi khi bạn về đến nhà không?
spam,Your a brand new car is ready to be shipped. Click this link.
spam,Nhân đôi thu nhập! Học cách kiếm 500 đô la dễ dàng. Nhấn vào đây ngay!
ham,Did you review the meeting notes yet?
ham,I will be busy at 2 PM.
spam,Ưu đãi có thời hạn! Nhận một chiếc iPhone mới miễn phí! Click vào liên kết này.
spam,Chúc mừng! Bạn đã trúng phiếu mua hàng trị giá 2000 đô la. Nhận ngay tại đây!
spam,Kiếm tiền nhanh chóng! Kiếm 50000 đô la một tuần từ việc làm ở nhà.
ham,The group meeting will begin this afternoon.
ham,Don't forget our conference this weekend.
ham,Please send me the meeting notes before Friday.
spam,Chúc mừng! Bạn đã trúng một kỳ nghỉ dưỡng sang trọng. Truy cập trang web của chúng tôi.
ham,Hãy cho tôi biết nếu bạn cần giúp đỡ với ngân sách.
ham,Hãy cho tôi biết nếu bạn cần giúp đỡ với bản báo cáo.
ham,Bạn đã xem lại mã nguồn chưa?
ham,Don't forget our meeting next week.
spam,Bạn đã được chọn cho một ưu đãi đặc biệt. Đừng bỏ lỡ!
spam,Khẩn cấp! Tài khoản của bạn cần được xác minh. Trả lời email này.
ham,Please send me the report before Friday.
spam,TRÚNG một kỳ nghỉ dưỡng sang trọng ngay! Nhận phần thưởng miễn phí của bạn hôm nay!
spam,một chiếc ô tô mới tinh MIỄN PHÍ đang chờ bạn. Hành động nhanh lên!
ham,bữa trưa sẽ bắt đầu lúc ngày mai.
spam,Your $1000 cash is ready to be shipped. Act fast!
spam,You have been selected for a special offer. Click here now!
spam,TRÚNG một thẻ quà tặng ngay! Nhận phần thưởng miễn phí của bạn hôm nay!
spam,WIN a gift card now! Claim your free reward today!
spam,Your $500 is ready to be shipped. Call now!
ham,Cảm ơn vì đã giúp tôi với kiểm thử.
spam,Bạn đã được chọn cho một ưu đãi đặc biệt. Nhận ngay tại đây!
spam,Chúc mừng! Bạn đã trúng 1000 đô la tiền mặt. Gọi ngay!
spam,TRÚNG một phần thưởng miễn phí ngay! Nhận phần thưởng miễn phí của bạn hôm nay!
ham,Tôi sẽ đang họp vào vào thứ Hai.
spam,Urgent! Your account needs verification. Click this link.
spam,Chúc mừng! Bạn đã trúng một chiếc ô tô mới tinh. Nhận ngay tại đây!
ham,Tôi sẽ đi nghỉ mát vào tối nay.
spam,một chiếc ô tô mới tinh MIỄN PHÍ đang chờ bạn. Trả lời email này.
spam,Kiếm tiền nhanh chóng! Kiếm 2500 đô la một tuần từ việc làm ở nhà.
spam,Congratulations! You have won $1000 cash. Reply to this email.
ham,Hãy cho tôi biết nếu bạn cần giúp đỡ với bài tập.
spam,Chúc mừng! Bạn đã trúng một chiếc iPhone mới. Click vào liên kết này.
ham,Bạn đã xem lại bản nháp thiết kế chưa?
spam,TRÚNG một chiếc iPhone mới ngay! Nhận phần thưởng miễn phí của bạn hôm nay!
ham,Tôi sẽ làm việc ở nhà vào tuần sau.
ham,Can you call me when you finish lunch?
ham,bữa trưa sẽ bắt đầu lúc vào thứ Hai.
spam,Bạn đã được chọn cho một ưu đãi đặc biệt. Hành động nhanh lên!
spam,Your a new iPhone is ready to be shipped. Click this link.
ham,Vui lòng gửi cho tôi mã nguồn trước thứ Hai.
spam,một phần thưởng miễn phí MIỄN PHÍ đang chờ bạn. Hành động nhanh lên!
ham,Let's schedule a appointment for on Monday.
spam,Bạn đã được chọn cho một ưu đãi đặc biệt. Nhận ngay tại đây!
spam,Khẩn cấp! Tài khoản của bạn cần được xác minh. Trả lời email này.
spam,Chúc mừng! Bạn đã trúng 1000 đô la tiền mặt. Gọi ngay!
spam,Chúc mừng! Bạn đã trúng 1000 đô la tiền mặt. Nhấn vào đây ngay!
spam,một kỳ nghỉ dưỡng sang trọng MIỄN PHÍ đang chờ bạn. Click vào liên kết này.
ham,Bạn có thể gọi cho tôi khi bạn thức dậy không?
spam,Ưu đãi có thời hạn! Nhận một phần thưởng miễn phí miễn phí! Click vào liên kết này.
ham,"Chào bạn, chúng ta vẫn gặp nhau vào lúc 8 giờ sáng chứ?"
ham,hội nghị sẽ bắt đầu lúc ngày mai.
ham,Let's schedule a group meeting for tomorrow.
ham,Let's schedule a interview for this weekend.
ham,Hãy cho tôi biết nếu bạn cần giúp đỡ với việc triển khai.
ham,Cảm ơn vì đã giúp tôi với bản báo cáo.
ham,Bạn đã xem lại hóa đơn chưa?
spam,Chúc mừng! Bạn đã trúng một phần thưởng miễn phí. Nhận ngay tại đây!
spam,Urgent! Your account needs verification. Reply to this email.
ham,Don't forget our conference next week.
spam,Limited time offer! Get $500 for free! Act fast!
ham,Vui lòng gửi cho tôi mã nguồn trước cuối tuần.
spam,Nhân đôi thu nhập! Học cách kiếm 50000 đô la dễ dàng. Nhấn vào đây ngay!
spam,Khẩn cấp! Tài khoản của bạn cần được xác minh. Nhấn vào đây ngay!
ham,Bạn có thể gọi cho tôi khi bạn có thời gian không?
ham,Let me know if you need help with the presentation.
spam,Urgent! Your account needs verification. Click here now!
spam,một chiếc iPhone mới của bạn đã sẵn sàng để giao. Truy cập trang web của chúng tôi.
ham,I will be available next week.
spam,Chúc mừng! Bạn đã trúng 1000 đô la tiền mặt. Đừng bỏ lỡ!
spam,Get 30% off on all products! Claim it here!
ham,Vui lòng gửi cho tôi báo cáo trước ngày mai.
ham,I will be available at 2 PM.
spam,Ưu đãi có thời hạn! Nhận một chiếc ô tô mới tinh miễn phí! Click vào liên kết này.
ham,Hãy lên lịch cho một lớp học vào vào thứ Hai.
spam,Urgent! Your account needs verification. Call now!
spam,Bạn đã được chọn cho một ưu đãi đặc biệt. Nhấn vào đây ngay!
spam,Kiếm tiền nhanh chóng! Kiếm 50000 đô la một tuần từ việc làm ở nhà.
spam,Make money fast! Earn $2500 a week from home.
spam,Congratulations! You have won a Bitcoin. Reply to this email.
ham,Bạn đã xem lại báo cáo tài chính chưa?
ham,Don't forget our meeting on Monday.
spam,một phần thưởng miễn phí của bạn đã sẵn sàng để giao. Click vào liên kết này.
ham,Bạn có thể gọi cho tôi khi bạn rảnh rỗi không?
spam,phiếu mua hàng trị giá 2000 đô la của bạn đã sẵn sàng để giao. Click vào liên kết này.
spam,Limited time offer! Get $500 for free! Act fast!
spam,Nhân đôi thu nhập! Học cách kiếm 1000 đô la dễ dàng. Trả lời email này.
spam,Bạn đã được chọn cho một ưu đãi đặc biệt. Đừng bỏ lỡ!
spam,Nhân đôi thu nhập! Học cách kiếm 10000 đô la dễ dàng. Click vào liên kết này.
spam,Kiếm tiền nhanh chóng! Kiếm 2500 đô la một tuần từ việc làm ở nhà.
spam,một chiếc ô tô mới tinh của bạn đã sẵn sàng để giao. Đừng bỏ lỡ!
ham,Tôi sẽ bận vào chiều nay.
ham,Vui lòng gửi cho tôi đề xuất dự án trước ngày mai.
ham,Bạn có thể gọi cho tôi khi bạn có thời gian không?
spam,Get 99% off on all products! Act fast!
spam,phiếu mua hàng trị giá 2000 đô la của bạn đã sẵn sàng để giao. Click vào liên kết này.
spam,Kiếm tiền nhanh chóng! Kiếm 200 đô la một tuần từ việc làm ở nhà.
spam,Giảm giá 90% cho tất cả sản phẩm! Gọi ngay!
spam,Khẩn cấp! Tài khoản của bạn cần được xác minh. Truy cập trang web của chúng tôi.
ham,Hãy cho tôi biết nếu bạn cần giúp đỡ với dự án của bạn.
ham,Hãy cho tôi biết nếu bạn cần giúp đỡ với bài thuyết trình.
ham,Đừng quên bữa tối của chúng ta vào cuối tuần này.
spam,Chúc mừng! Bạn đã trúng một chiếc iPhone mới. Hành động nhanh lên!
ham,Bạn đã xem lại bản nháp thiết kế chưa?
spam,TRÚNG 1000 đô la tiền mặt ngay! Nhận phần thưởng miễn phí của bạn hôm nay!
ham,Tôi sẽ rảnh vào lát nữa.
spam,Nhân đôi thu nhập! Học cách kiếm 200 đô la dễ dàng. Nhấn vào đây ngay!
spam,Bạn đã được chọn cho một ưu đãi đặc biệt. Hành động nhanh lên!
ham,Bạn có thể gọi cho tôi khi bạn có thời gian không?
spam,You have been selected for a special offer. Reply to this email.
spam,Kiếm tiền nhanh chóng! Kiếm 5000 đô la một tuần từ việc làm ở nhà.
ham,"Chào bạn, chúng ta vẫn gặp nhau vào lát nữa chứ?"
spam,You have been selected for a special offer. Reply to this email.
ham,Cảm ơn vì đã giúp tôi với việc triển khai.
ham,Bạn có thể gọi cho tôi khi bạn thức dậy không?
ham,Cảm ơn vì đã giúp tôi với bản báo cáo.
ham,I will be busy this weekend.
ham,Bạn có thể gọi cho tôi khi bạn có thời gian không?
spam,Limited time offer! Get $1000 cash for free! Don't miss out!
spam,Urgent! Your account needs verification. Visit our website.
ham,Hãy cho tôi biết nếu bạn cần giúp đỡ với dự án của bạn.
ham,Bạn có thể gọi cho tôi khi bạn thức dậy không?
ham,lịch hẹn sẽ bắt đầu lúc lát nữa.
spam,phiếu mua hàng trị giá 2000 đô la của bạn đã sẵn sàng để giao. Đừng bỏ lỡ!
ham,Cảm ơn vì đã giúp tôi với việc triển khai.
spam,Khẩn cấp! Tài khoản của bạn cần được xác minh. Click vào liên kết này.
spam,Khẩn cấp! Tài khoản của bạn cần được xác minh. Hành động nhanh lên!
ham,Tôi sẽ làm việc ở nhà vào lúc 2 giờ chiều.
spam,TRÚNG một thẻ quà tặng ngay! Nhận phần thưởng miễn phí của bạn hôm nay!
spam,TRÚNG một phần thưởng miễn phí ngay! Nhận phần thưởng miễn phí của bạn hôm nay!
spam,Chúc mừng! Bạn đã trúng một kỳ nghỉ dưỡng sang trọng. Click vào liên kết này.
ham,Did you review the invoice yet?
spam,FREE a luxury vacation waiting for you. Reply to this email.
ham,hội nghị sẽ bắt đầu lúc chiều nay.
ham,Hãy cho tôi biết nếu bạn cần giúp đỡ với việc triển khai.
ham,Tôi sẽ bị ốm vào chiều nay.
ham,Did you review the meeting notes yet?
ham,Let's schedule a appointment for next week.
ham,Tôi sẽ đang họp vào chiều nay.
spam,một chiếc laptop miễn phí của bạn đã sẵn sàng để giao. Nhấn vào đây ngay!
spam,Limited time offer! Get a gift card for free! Visit our website.
spam,Chúc mừng! Bạn đã trúng một thẻ quà tặng. Truy cập trang web của chúng tôi.
spam,một Bitcoin MIỄN PHÍ đang chờ bạn. Hành động nhanh lên!
spam,Giảm giá 75% cho tất cả sản phẩm! Click vào liên kết này.
spam,Giảm giá 50% cho tất cả sản phẩm! Trả lời email này.
ham,Did you review the code yet?
spam,Giảm giá 50% cho tất cả sản phẩm! Hành động nhanh lên!
spam,Your a luxury vacation is ready to be shipped. Click here now!
ham,Hãy cho tôi biết nếu bạn cần giúp đỡ với dự án của bạn.
spam,Kiếm tiền nhanh chóng! Kiếm 50000 đô la một tuần từ việc làm ở nhà.
ham,Hãy lên lịch cho một buổi họp nhóm vào vào thứ Hai.
spam,Ưu đãi có thời hạn! Nhận một chiếc laptop miễn phí miễn phí! Truy cập trang web của chúng tôi.
spam,FREE $500 waiting for you. Visit our website.
ham,Can you call me when you get to the office?
ham,Tôi sẽ vắng mặt vào lúc 8 giờ sáng.
spam,Giảm giá 90% cho tất cả sản phẩm! Click vào liên kết này.
ham,Tôi sẽ làm việc ở nhà vào cuối tuần này.
ham,I will be out of office at 8 AM.
ham,Vui lòng gửi cho tôi bản thuyết trình trước thứ Sáu.
ham,hội nghị sẽ bắt đầu lúc tuần sau.
spam,You have been selected for a special offer. Visit our website.
ham,Hãy lên lịch cho một bữa trưa vào lúc 8 giờ sáng.
spam,Bạn đã được chọn cho một ưu đãi đặc biệt. Đừng bỏ lỡ!
spam,Khẩn cấp! Tài khoản của bạn cần được xác minh. Đừng bỏ lỡ!
spam,Kiếm tiền nhanh chóng! Kiếm 1000 đô la một tuần từ việc làm ở nhà.
spam,Chúc mừng! Bạn đã trúng một thẻ quà tặng. Nhấn vào đây ngay!
ham,Hãy cho tôi biết nếu bạn cần giúp đỡ với kiểm thử.
ham,Bạn đã xem lại ghi chú cuộc họp chưa?
ham,Hãy cho tôi biết nếu bạn cần giúp đỡ với viết code.
spam,Congratulations! You have won a new iPhone. Call now!
spam,Kiếm tiền nhanh chóng! Kiếm 2500 đô la một tuần từ việc làm ở nhà.
ham,Hãy lên lịch cho một cuộc họp vào tuần sau.
ham,Bạn đã xem lại hóa đơn chưa?
ham,hội nghị sẽ bắt đầu lúc ngày mai.
spam,Congratulations! You have won a new iPhone. Reply to this email.
ham,Tôi sẽ đang họp vào lát nữa.
ham,buổi phỏng vấn sẽ bắt đầu lúc vào thứ Hai.
ham,Đừng quên hội nghị của chúng ta vào thứ Sáu tới.
spam,phiếu mua hàng trị giá 2000 đô la MIỄN PHÍ đang chờ bạn. Nhận ngay tại đây!
spam,Giảm giá 99% cho tất cả sản phẩm! Hành động nhanh lên!
ham,Thanks for helping me with your project.
ham,cuộc họp sẽ bắt đầu lúc vào thứ Hai.
spam,Nhân đôi thu nhập! Học cách kiếm 500 đô la dễ dàng. Click vào liên kết này.
spam,TRÚNG một chiếc laptop miễn phí ngay! Nhận phần thưởng miễn phí của bạn hôm nay!
spam,Ưu đãi có thời hạn! Nhận một chiếc laptop miễn phí miễn phí! Click vào liên kết này.
spam,Bạn đã được chọn cho một ưu đãi đặc biệt. Truy cập trang web của chúng tôi.
spam,Khẩn cấp! Tài khoản của bạn cần được xác minh. Gọi ngay!
ham,I will be out of office next Friday.
ham,Đừng quên lớp học của chúng ta vào ngày mai.
ham,cuộc họp sẽ bắt đầu lúc cuối tuần này.
ham,Hãy lên lịch cho một hội nghị vào cuối tuần này.
ham,Bạn có thể gọi cho tôi khi bạn về đến nhà không?
spam,Double your income! Learn how to make $200 easily. Reply to this email.
ham,Tôi sẽ bị ốm vào vào thứ Hai.
ham,Cảm ơn vì đã giúp tôi với dự án của bạn.
ham,Tôi sẽ đi nghỉ mát vào lúc 2 giờ chiều.
ham,Thanks for helping me with testing.
spam,Nhân đôi thu nhập! Học cách kiếm 2500 đô la dễ dàng. Nhấn vào đây ngay!
ham,Vui lòng gửi cho tôi hóa đơn trước ngày mai.
ham,Bạn có thể gọi cho tôi khi bạn thức dậy không?
ham,Let's schedule a class for at 2 PM.
spam,phiếu mua hàng trị giá 2000 đô la của bạn đã sẵn sàng để giao. Truy cập trang web của chúng tôi.
ham,Cảm ơn vì đã giúp tôi với ngân sách.
ham,cuộc họp sẽ bắt đầu lúc thứ Sáu tới.
spam,Kiếm tiền nhanh chóng! Kiếm 500 đô la một tuần từ việc làm ở nhà.
ham,Đừng quên bữa tối của chúng ta vào chiều nay.
ham,"Hello, are we still meeting this weekend?"
ham,Hãy lên lịch cho một lịch hẹn vào cuối tuần này.
spam,FREE $500 waiting for you. Click this link.
spam,Chúc mừng! Bạn đã trúng phiếu mua hàng trị giá 2000 đô la. Gọi ngay!
ham,Let me know if you need help with your project.
spam,You have been selected for a special offer. Reply to this email.
ham,Did you review the financial statement yet?
ham,Let me know if you need help with the deployment.
spam,Giảm giá 80% cho tất cả sản phẩm! Click vào liên kết này.
spam,FREE a new iPhone waiting for you. Click here now!
spam,Get 90% off on all products! Click this link.
spam,TRÚNG một kỳ nghỉ dưỡng sang trọng ngay! Nhận phần thưởng miễn phí của bạn hôm nay!
spam,một chiếc laptop miễn phí MIỄN PHÍ đang chờ bạn. Hành động nhanh lên!
spam,một thẻ quà tặng của bạn đã sẵn sàng để giao. Trả lời email này.
spam,Ưu đãi có thời hạn! Nhận 500 đô la miễn phí! Trả lời email này.
spam,Chúc mừng! Bạn đã trúng một thẻ quà tặng. Click vào liên kết này.
ham,Bạn đã xem lại bài tập chưa?
ham,Bạn đã xem lại hóa đơn chưa?
spam,Khẩn cấp! Tài khoản của bạn cần được xác minh. Truy cập trang web của chúng tôi.
spam,Khẩn cấp! Tài khoản của bạn cần được xác minh. Hành động nhanh lên!
ham,Đừng quên buổi họp nhóm của chúng ta vào thứ Sáu tới.
ham,Let me know if you need help with the budget.
spam,Double your income! Learn how to make $500 easily. Act fast!
ham,Bạn có thể gọi cho tôi khi bạn thức dậy không?
spam,Giảm giá 50% cho tất cả sản phẩm! Đừng bỏ lỡ!
spam,1000 đô la tiền mặt MIỄN PHÍ đang chờ bạn. Trả lời email này.
spam,TRÚNG một phần thưởng miễn phí ngay! Nhận phần thưởng miễn phí của bạn hôm nay!
ham,"Chào bạn, chúng ta vẫn gặp nhau vào tối nay chứ?"
spam,Giảm giá 20% cho tất cả sản phẩm! Đừng bỏ lỡ!
ham,Hãy cho tôi biết nếu bạn cần giúp đỡ với viết code.
ham,Tôi sẽ đang họp vào lúc 8 giờ sáng.
spam,Get 80% off on all products! Don't miss out!
spam,Khẩn cấp! Tài khoản của bạn cần được xác minh. Hành động nhanh lên!
ham,Vui lòng gửi cho tôi bản nháp thiết kế trước thứ Ba.
spam,Make money fast! Earn $2500 a week from home.
spam,Bạn đã được chọn cho một ưu đãi đặc biệt. Hành động nhanh lên!
spam,TRÚNG một thẻ quà tặng ngay! Nhận phần thưởng miễn phí của bạn hôm nay!
ham,The appointment will begin next Friday.
ham,Hãy cho tôi biết nếu bạn cần giúp đỡ với viết code.
ham,Can you call me when you wake up?
ham,Vui lòng gửi cho tôi bản thuyết trình trước thứ Năm.
spam,Chúc mừng! Bạn đã trúng một chiếc laptop miễn phí. Hành động nhanh lên!
ham,"Hello, are we still meeting tonight?"
spam,Chúc mừng! Bạn đã trúng một thẻ quà tặng. Nhấn vào đây ngay!
ham,Cảm ơn vì đã giúp tôi với kiểm thử.
ham,"Chào bạn, chúng ta vẫn gặp nhau vào tối nay chứ?"
ham,Tôi sẽ bận vào tối nay.
ham,The class will begin this weekend.
ham,Bạn đã xem lại bản nháp thiết kế chưa?
spam,Congratulations! You have won a gift card. Don't miss out!
spam,một phần thưởng miễn phí MIỄN PHÍ đang chờ bạn. Gọi ngay!
spam,Chúc mừng! Bạn đã trúng 500 đô la. Nhận ngay tại đây!
ham,Cảm ơn vì đã giúp tôi với bài thuyết trình.
ham,Hãy lên lịch cho một lịch hẹn vào cuối tuần này.
spam,Khẩn cấp! Tài khoản của bạn cần được xác minh. Truy cập trang web của chúng tôi.
spam,Urgent! Your account needs verification. Reply to this email.
ham,Hãy lên lịch cho một buổi họp nhóm vào ngày mai.
spam,Congratulations! You have won a luxury vacation. Reply to this email.
spam,Urgent! Your account needs verification. Visit our website.
spam,Giảm giá 80% cho tất cả sản phẩm! Trả lời email này.
spam,TRÚNG một kỳ nghỉ dưỡng sang trọng ngay! Nhận phần thưởng miễn phí của bạn hôm nay!
ham,Đừng quên lớp học của chúng ta vào vào thứ Hai.
ham,Don't forget our appointment at 8 AM.
spam,Your a free prize is ready to be shipped. Reply to this email.
ham,Cảm ơn vì đã giúp tôi với dự án của bạn.
spam,Chúc mừng! Bạn đã trúng một thẻ quà tặng. Hành động nhanh lên!
ham,Did you review the design draft yet?
spam,một chiếc ô tô mới tinh của bạn đã sẵn sàng để giao. Click vào liên kết này.
ham,"Chào bạn, chúng ta vẫn gặp nhau vào thứ Sáu tới chứ?"
ham,Did you review the assignment yet?
ham,Vui lòng gửi cho tôi bản nháp thiết kế trước ngày mai.
spam,Kiếm tiền nhanh chóng! Kiếm 1000 đô la một tuần từ việc làm ở nhà.
spam,Chúc mừng! Bạn đã trúng 1000 đô la tiền mặt. Đừng bỏ lỡ!
spam,1000 đô la tiền mặt MIỄN PHÍ đang chờ bạn. Hành động nhanh lên!
ham,Bạn có thể gọi cho tôi khi bạn họp xong không?
spam,Khẩn cấp! Tài khoản của bạn cần được xác minh. Click vào liên kết này.
spam,Chúc mừng! Bạn đã trúng một chiếc laptop miễn phí. Hành động nhanh lên!
ham,Tôi sẽ đi nghỉ mát vào tuần sau.
ham,Tôi sẽ làm việc ở nhà vào chiều nay.
ham,Bạn có thể gọi cho tôi khi bạn về đến nhà không?
spam,phiếu mua hàng trị giá 2000 đô la của bạn đã sẵn sàng để giao. Nhấn vào đây ngay!
ham,Bạn đã xem lại bản nháp thiết kế chưa?
ham,Bạn có thể gọi cho tôi khi bạn ăn trưa xong không?
ham,Let's schedule a class for tonight.
spam,Giảm giá 75% cho tất cả sản phẩm! Trả lời email này.
ham,"Hello, are we still meeting tomorrow?"
spam,Congratulations! You have won $500. Claim it here!
ham,"Chào bạn, chúng ta vẫn gặp nhau vào cuối tuần này chứ?"
ham,Bạn đã xem lại mã nguồn chưa?
ham,"Chào bạn, chúng ta vẫn gặp nhau vào thứ Sáu tới chứ?"
ham,Let me know if you need help with the report.
spam,Chúc mừng! Bạn đã trúng phiếu mua hàng trị giá 2000 đô la. Click vào liên kết này.
ham,The interview will begin this afternoon.
ham,Đừng quên buổi phỏng vấn của chúng ta vào lúc 2 giờ chiều.
ham,Tôi sẽ rảnh vào tuần sau.
spam,Congratulations! You have won a gift card. Click here now!
spam,Chúc mừng! Bạn đã trúng một chiếc laptop miễn phí. Click vào liên kết này.
spam,Nhân đôi thu nhập! Học cách kiếm 50000 đô la dễ dàng. Hành động nhanh lên!
spam,Bạn đã được chọn cho một ưu đãi đặc biệt. Click vào liên kết này.
spam,Giảm giá 20% cho tất cả sản phẩm! Trả lời email này.
spam,Congratulations! You have won a luxury vacation. Reply to this email.
ham,Cảm ơn vì đã giúp tôi với kiểm thử.
ham,Hãy lên lịch cho một buổi phỏng vấn vào tuần sau.
spam,một chiếc iPhone mới MIỄN PHÍ đang chờ bạn. Nhấn vào đây ngay!
spam,Bạn đã được chọn cho một ưu đãi đặc biệt. Truy cập trang web của chúng tôi.
spam,FREE $1000 cash waiting for you. Claim it here!
ham,Vui lòng gửi cho tôi hóa đơn trước thứ Năm.
spam,Get 50% off on all products! Click this link.
ham,Bạn đã xem lại báo cáo tài chính chưa?
spam,Double your income! Learn how to make $1000 easily. Click this link.
ham,Did you review the report yet?
spam,Khẩn cấp! Tài khoản của bạn cần được xác minh. Hành động nhanh lên!
spam,500 đô la MIỄN PHÍ đang chờ bạn. Truy cập trang web của chúng tôi.
ham,"Chào bạn, chúng ta vẫn gặp nhau vào lúc 8 giờ sáng chứ?"
spam,FREE a luxury vacation waiting for you. Click here now!
spam,Chúc mừng! Bạn đã trúng một Bitcoin. Nhấn vào đây ngay!
ham,"Chào bạn, chúng ta vẫn gặp nhau vào chiều nay chứ?"
spam,Ưu đãi có thời hạn! Nhận 1000 đô la tiền mặt miễn phí! Nhấn vào đây ngay!
spam,Urgent! Your account needs verification. Reply to this email.
ham,Hãy cho tôi biết nếu bạn cần giúp đỡ với bài thuyết trình.
ham,Đừng quên bữa trưa của chúng ta vào ngày mai.
ham,Cảm ơn vì đã giúp tôi với việc triển khai.
ham,Please send me the report before tomorrow.
ham,Did you review the design draft yet?
ham,Please send me the project proposal before tomorrow.
spam,Giảm giá 50% cho tất cả sản phẩm! Click vào liên kết này.
spam,một chiếc laptop miễn phí MIỄN PHÍ đang chờ bạn. Nhận ngay tại đây!
spam,Ưu đãi có thời hạn! Nhận phiếu mua hàng trị giá 2000 đô la miễn phí! Truy cập trang web của chúng tôi.
spam,một phần thưởng miễn phí của bạn đã sẵn sàng để giao. Trả lời email này.
ham,The meeting will begin next week.
ham,Vui lòng gửi cho tôi hóa đơn trước thứ Tư.
ham,Tôi sẽ vắng mặt vào vào thứ Hai.
spam,Kiếm tiền nhanh chóng! Kiếm 2500 đô la một tuần từ việc làm ở nhà.
spam,Make money fast! Earn $200 a week from home.
spam,TRÚNG một chiếc laptop miễn phí ngay! Nhận phần thưởng miễn phí của bạn hôm nay!
spam,Make money fast! Earn $50000 a week from home.
spam,Double your income! Learn how to make $50000 easily. Click this link.
spam,Bạn đã được chọn cho một ưu đãi đặc biệt. Nhận ngay tại đây!
spam,Congratulations! You have won a free prize. Act fast!
spam,Ưu đãi có thời hạn! Nhận 1000 đô la tiền mặt miễn phí! Nhận ngay tại đây!
spam,Kiếm tiền nhanh chóng! Kiếm 50000 đô la một tuần từ việc làm ở nhà.
ham,Can you call me when you finish the meeting?
spam,Nhân đôi thu nhập! Học cách kiếm 5000 đô la dễ dàng. Trả lời email này.
ham,Did you review the code yet?
spam,Chúc mừng! Bạn đã trúng một kỳ nghỉ dưỡng sang trọng. Nhấn vào đây ngay!
spam,Nhân đôi thu nhập! Học cách kiếm 200 đô la dễ dàng. Click vào liên kết này.
spam,Congratulations! You have won $2000 shopping voucher. Click this link.
ham,Hãy lên lịch cho một hội nghị vào lúc 2 giờ chiều.
spam,Your a brand new car is ready to be shipped. Click this link.
spam,Kiếm tiền nhanh chóng! Kiếm 500 đô la một tuần từ việc làm ở nhà.
ham,Tôi sẽ đi nghỉ mát vào vào thứ Hai.
spam,Make money fast! Earn $5000 a week from home.
ham,Please send me the report before Wednesday.
ham,Tôi sẽ bận vào tuần sau.
ham,Tôi sẽ đi nghỉ mát vào tuần sau.
ham,Đừng quên cuộc họp của chúng ta vào thứ Sáu tới.
ham,Hãy lên lịch cho một hội nghị vào thứ Sáu tới.
ham,Đừng quên buổi họp nhóm của chúng ta vào lát nữa.
ham,I will be sick next Friday.
ham,Tôi sẽ đi nghỉ mát vào tuần sau.
spam,một phần thưởng miễn phí MIỄN PHÍ đang chờ bạn. Hành động nhanh lên!
ham,Let me know if you need help with the report.
ham,"Chào bạn, chúng ta vẫn gặp nhau vào tối nay chứ?"
ham,Let's schedule a dinner for tonight.
ham,Bạn đã xem lại đề xuất dự án chưa?
ham,Bạn đã xem lại báo cáo tài chính chưa?
spam,You have been selected for a special offer. Reply to this email.
spam,1000 đô la tiền mặt của bạn đã sẵn sàng để giao. Truy cập trang web của chúng tôi.
spam,Kiếm tiền nhanh chóng! Kiếm 1000 đô la một tuần từ việc làm ở nhà.
ham,Please send me the project proposal before Wednesday.
ham,Did you review the invoice yet?
ham,Let's schedule a class for at 2 PM.
spam,Ưu đãi có thời hạn! Nhận 1000 đô la tiền mặt miễn phí! Truy cập trang web của chúng tôi.
spam,Chúc mừng! Bạn đã trúng một chiếc ô tô mới tinh. Nhấn vào đây ngay!
ham,Can you call me when you arrive home?
spam,Nhân đôi thu nhập! Học cách kiếm 5000 đô la dễ dàng. Trả lời email này.
ham,Tôi sẽ làm việc ở nhà vào lúc 8 giờ sáng.
ham,Vui lòng gửi cho tôi báo cáo trước thứ Sáu.
spam,Congratulations! You have won a luxury vacation. Don't miss out!
spam,Bạn đã được chọn cho một ưu đãi đặc biệt. Nhấn vào đây ngay!
spam,Ưu đãi có thời hạn! Nhận một chiếc ô tô mới tinh miễn phí! Gọi ngay!
spam,Ưu đãi có thời hạn! Nhận một chiếc iPhone mới miễn phí! Click vào liên kết này.
ham,Cảm ơn vì đã giúp tôi với bài tập.
ham,Bạn đã xem lại báo cáo tài chính chưa?
spam,TRÚNG một kỳ nghỉ dưỡng sang trọng ngay! Nhận phần thưởng miễn phí của bạn hôm nay!
ham,I will be available on Monday.
spam,You have been selected for a special offer. Claim it here!
ham,"Chào bạn, chúng ta vẫn gặp nhau vào vào thứ Hai chứ?"
spam,Ưu đãi có thời hạn! Nhận một chiếc ô tô mới tinh miễn phí! Trả lời email này.
ham,Bạn đã xem lại đề xuất dự án chưa?
ham,buổi họp nhóm sẽ bắt đầu lúc chiều nay.
spam,một chiếc ô tô mới tinh của bạn đã sẵn sàng để giao. Gọi ngay!
ham,Bạn đã xem lại báo cáo tài chính chưa?
ham,Vui lòng gửi cho tôi bản nháp thiết kế trước ngày mai.
ham,"Chào bạn, chúng ta vẫn gặp nhau vào tối nay chứ?"
ham,Hãy lên lịch cho một hội nghị vào thứ Sáu tới.
spam,Double your income! Learn how to make $5000 easily. Act fast!
ham,Bạn đã xem lại bài tập chưa?
ham,Bạn đã xem lại hóa đơn chưa?
spam,Make money fast! Earn $5000 a week from home.
ham,Don't forget our lunch at 2 PM.
spam,WIN a new iPhone now! Claim your free reward today!
spam,WIN $2000 shopping voucher now! Claim your free reward today!
spam,Chúc mừng! Bạn đã trúng một chiếc laptop miễn phí. Click vào liên kết này.
spam,Double your income! Learn how to make $1000 easily. Call now!
spam,Khẩn cấp! Tài khoản của bạn cần được xác minh. Đừng bỏ lỡ!
ham,Can you call me when you arrive home?
ham,Hãy lên lịch cho một lớp học vào tối nay.
spam,Congratulations! You have won a gift card. Click here now!
ham,Đừng quên bữa trưa của chúng ta vào lát nữa.
spam,Kiếm tiền nhanh chóng! Kiếm 500 đô la một tuần từ việc làm ở nhà.
ham,Hãy cho tôi biết nếu bạn cần giúp đỡ với bài thuyết trình.
spam,Kiếm tiền nhanh chóng! Kiếm 10000 đô la một tuần từ việc làm ở nhà.
ham,Đừng quên lịch hẹn của chúng ta vào tối nay.
spam,Kiếm tiền nhanh chóng! Kiếm 5000 đô la một tuần từ việc làm ở nhà.
ham,The group meeting will begin tomorrow.
spam,Khẩn cấp! Tài khoản của bạn cần được xác minh. Đừng bỏ lỡ!
ham,Vui lòng gửi cho tôi mã nguồn trước thứ Năm.
ham,Let's schedule a dinner for this afternoon.
ham,Can you call me when you have time?
spam,Chúc mừng! Bạn đã trúng một chiếc laptop miễn phí. Nhấn vào đây ngay!
spam,Congratulations! You have won a brand new car. Click this link.
ham,Don't forget our interview on Monday.
ham,Don't forget our conference at 8 AM.
spam,Nhân đôi thu nhập! Học cách kiếm 200 đô la dễ dàng. Hành động nhanh lên!
ham,Hãy cho tôi biết nếu bạn cần giúp đỡ với kiểm thử.
ham,Vui lòng gửi cho tôi mã nguồn trước thứ Năm.
spam,Nhân đôi thu nhập! Học cách kiếm 500 đô la dễ dàng. Truy cập trang web của chúng tôi.
ham,Hãy cho tôi biết nếu bạn cần giúp đỡ với kiểm thử.
spam,Bạn đã được chọn cho một ưu đãi đặc biệt. Click vào liên kết này.
spam,Your a gift card is ready to be shipped. Don't miss out!
ham,Bạn có thể gọi cho tôi khi bạn rảnh rỗi không?
ham,Tôi sẽ làm việc ở nhà vào lát nữa.
spam,một phần thưởng miễn phí của bạn đã sẵn sàng để giao. Gọi ngay!
ham,"Chào bạn, chúng ta vẫn gặp nhau vào vào thứ Hai chứ?"
ham,lớp học sẽ bắt đầu lúc lúc 8 giờ sáng.
ham,Cảm ơn vì đã giúp tôi với việc triển khai.
ham,Cảm ơn vì đã giúp tôi với bài tập.
spam,1000 đô la tiền mặt của bạn đã sẵn sàng để giao. Nhận ngay tại đây!
spam,Get 90% off on all products! Click this link.
ham,Cảm ơn vì đã giúp tôi với kiểm thử.
spam,Your $500 is ready to be shipped. Call now!
spam,Congratulations! You have won a gift card. Click here now!
spam,Bạn đã được chọn cho một ưu đãi đặc biệt. Trả lời email này.
ham,buổi họp nhóm sẽ bắt đầu lúc chiều nay.
spam,Nhân đôi thu nhập! Học cách kiếm 2500 đô la dễ dàng. Nhận ngay tại đây!
ham,Vui lòng gửi cho tôi bản nháp thiết kế trước ngày mai.
spam,một kỳ nghỉ dưỡng sang trọng của bạn đã sẵn sàng để giao. Click vào liên kết này.
spam,Kiếm tiền nhanh chóng! Kiếm 2500 đô la một tuần từ việc làm ở nhà.
spam,Double your income! Learn how to make $200 easily. Visit our website.
ham,Hãy lên lịch cho một bữa trưa vào cuối tuần này.
spam,Ưu đãi có thời hạn! Nhận một chiếc ô tô mới tinh miễn phí! Hành động nhanh lên!
ham,Hãy cho tôi biết nếu bạn cần giúp đỡ với dự án của bạn.
ham,Cảm ơn vì đã giúp tôi với dự án của bạn.
spam,Giảm giá 90% cho tất cả sản phẩm! Đừng bỏ lỡ!
spam,Kiếm tiền nhanh chóng! Kiếm 2500 đô la một tuần từ việc làm ở nhà.
ham,Did you review the invoice yet?
ham,Vui lòng gửi cho tôi ghi chú cuộc họp trước thứ Tư.
ham,Don't forget our appointment at 2 PM.
ham,Đừng quên buổi phỏng vấn của chúng ta vào chiều nay.
ham,"Chào bạn, chúng ta vẫn gặp nhau vào lúc 2 giờ chiều chứ?"
ham,Don't forget our class tonight.
ham,"Chào bạn, chúng ta vẫn gặp nhau vào lát nữa chứ?"
spam,Double your income! Learn how to make $2500 easily. Click this link.
ham,Hãy cho tôi biết nếu bạn cần giúp đỡ với việc triển khai.
spam,Ưu đãi có thời hạn! Nhận một phần thưởng miễn phí miễn phí! Trả lời email này.
spam,TRÚNG một Bitcoin ngay! Nhận phần thưởng miễn phí của bạn hôm nay!
spam,Nhân đôi thu nhập! Học cách kiếm 5000 đô la dễ dàng. Nhận ngay tại đây!
spam,Khẩn cấp! Tài khoản của bạn cần được xác minh. Nhấn vào đây ngay!
ham,bữa trưa sẽ bắt đầu lúc thứ Sáu tới.
ham,Bạn có thể gọi cho tôi khi bạn họp xong không?
